codigo_estacao,data,hora,temp_inst,temp_max,temp_min,umid_inst,umid_max,umid_min,pto_orvalho_inst,pto_orvalho_max,pto_orvalho_min,pressao,pressao_max,pressao_min,vento_direcao,vento_vel, vento_rajada,radiacao,precipitacao
A108,01/03/2018,16,26.5,26.5,24.3,83,92,82,23.4,23.7,22.4,989.2,989.5,989.2,0.4,236,2.6,1169.,0.0
A108,01/03/2018,15,24.3,24.3,23.7,91,93,90,22.8,22.9,22.4,989.3,989.4,989.2,0.9,236,2.1,588.1,0.2
A108,01/03/2018,12,22.5,22.7,22.5,96,96,96,21.8,22.1,21.8,988.1,988.1,987.1,0.2,236,3.2,8.794,4.8
A108,01/03/2018,14,23.7,23.8,22.7,93,95,93,22.6,22.8,21.9,989.2,989.2,988.6,0.3,236,2.3,466.5,0.2
A108,01/03/2018,13,22.7,22.7,22.5,95,96,95,21.9,21.9,21.7,988.6,988.6,988.1,0.6,236,2.9,104.1,2.0
A108,01/03/2018,00,27.1,28.6,27.1,80,80,74,23.4,23.7,23.4,983.0,983.0,982.0,1.2,236,3.9,-2.13,0.0
A108,01/03/2018,22,26.6,31.4,26.6,78,78,61,22.4,23.8,22.3,983.8,983.9,983.2,2.6,236,9.4,1007.,0.0
A108,01/03/2018,23,24.8,26.6,24.7,94,94,78,23.7,23.9,22.5,984.7,984.7,983.6,0.1,236,9.4,160.6,2.0
A108,01/03/2018,21,30.3,31.9,29.2,65,70,60,23.0,24.0,22.4,983.2,983.8,983.2,1.5,236,3.8,1570.,0.0
A108,01/03/2018,20,31.8,31.8,29.4,62,70,60,23.5,23.8,22.4,983.8,985.0,983.8,0.6,236,4.4,2450.,0.0
A108,01/03/2018,04,24.2,25.0,24.1,93,94,89,23.0,23.6,22.8,986.3,986.3,985.9,0.0,236,1.4,-2.91,0.0
A108,01/03/2018,05,24.1,24.6,23.9,95,95,93,23.1,23.4,22.8,985.9,986.4,985.9,0.1,236,1.0,-2.56,0.0
A108,01/03/2018,02,24.6,26.0,24.6,90,90,82,22.8,23.2,22.7,985.2,985.3,984.4,0.0,236,1.4,-3.52,0.0
A108,01/03/2018,06,24.3,24.6,24.1,94,95,93,23.3,23.7,23.1,985.5,986.0,985.5,0.5,236,2.9,-0.84,0.4
A108,01/03/2018,19,30.4,30.9,28.2,65,75,65,23.1,24.6,22.6,985.0,987.2,985.0,1.3,236,5.0,2705.,0.0
A108,01/03/2018,07,23.0,24.3,23.0,90,94,88,21.2,23.3,21.1,985.0,985.6,985.0,2.6,236,5.0,-1.40,0.2
A108,01/03/2018,18,28.4,29.6,27.7,71,76,67,22.6,24.1,22.1,987.2,988.7,987.2,1.1,236,3.6,2451.,0.2
A108,01/03/2018,03,24.7,25.0,24.4,92,92,90,23.2,23.5,22.8,985.9,985.9,985.2,0.0,236,0.0,-3.13,0.0
A108,01/03/2018,08,22.6,23.0,22.4,94,95,90,21.5,21.8,21.1,985.8,985.8,984.6,2.3,236,5.0,-2.31,2.0
A108,01/03/2018,09,22.7,22.7,22.4,95,95,94,21.9,21.9,21.4,986.3,986.3,985.7,0.4,236,4.7,-1.98,3.4
A108,01/03/2018,01,25.6,27.1,25.6,86,86,80,23.2,23.6,23.2,984.4,984.4,983.0,0.2,236,3.9,-3.54,0.0
A108,01/03/2018,10,22.5,22.7,22.4,96,96,95,21.8,21.9,21.7,987.4,987.4,986.3,0.3,236,3.2,-1.19,6.2
A108,01/03/2018,11,22.5,22.6,22.5,96,96,96,21.9,21.9,21.8,987.2,987.5,987.1,1.1,236,3.2,-1.32,7.0
A108,01/03/2018,17,27.8,29.7,26.5,73,87,66,22.4,25.0,22.0,988.7,989.4,988.7,1.7,236,3.6,3306.,0.0
A108,02/03/2018,05,23.9,23.9,23.7,96,96,95,23.2,23.2,22.9,987.8,988.6,987.8,0.1,236,1.8,-2.87,0.0
A108,02/03/2018,01,24.2,24.7,24.2,95,96,95,23.4,23.9,23.4,986.9,986.9,985.7,0.1,236,0.9,-2.17,0.0
A108,02/03/2018,02,24.4,24.7,24.2,96,96,95,23.6,24.0,23.4,987.7,987.7,986.9,0.0,236,0.8,-1.68,0.0
A108,02/03/2018,03,24.0,24.7,23.9,94,96,94,23.0,23.8,23.0,988.3,988.4,987.6,0.8,236,2.3,-2.77,0.0
A108,02/03/2018,04,23.8,24.0,23.7,95,95,94,23.0,23.1,22.8,988.5,988.6,988.2,0.7,236,2.0,-2.76,0.0
A108,02/03/2018,06,23.5,24.1,23.5,95,96,94,22.7,23.3,22.6,987.4,987.8,987.4,0.4,236,1.7,-2.45,0.0
A108,02/03/2018,07,23.4,23.8,23.3,96,96,95,22.7,23.0,22.6,986.6,987.4,986.6,0.0,236,1.7,-2.89,0.0
A108,02/03/2018,08,23.0,23.6,23.0,96,96,96,22.4,22.9,22.4,986.1,986.6,986.1,0.5,236,1.9,-2.86,0.0
A108,02/03/2018,09,23.9,23.9,23.0,96,96,96,23.3,23.3,22.3,986.5,986.5,986.0,0.5,236,1.9,-1.86,0.0
A108,02/03/2018,10,23.8,24.0,23.6,96,96,96,23.1,23.3,23.0,987.1,987.1,986.5,0.0,236,1.4,-1.01,0.0
A108,02/03/2018,11,23.8,23.8,23.5,96,96,96,23.2,23.2,22.9,987.9,987.9,987.1,0.2,236,1.2,-1.32,0.0
A108,02/03/2018,12,24.6,24.6,23.8,95,96,95,23.7,23.7,23.1,988.5,988.5,987.9,0.3,236,1.2,133.4,0.0
A108,02/03/2018,13,26.6,26.7,24.6,83,95,82,23.4,24.0,23.3,989.3,989.3,988.5,1.5,236,2.9,832.7,0.0
A108,02/03/2018,14,26.7,27.3,26.6,84,85,80,23.8,24.2,23.2,990.0,990.0,989.3,1.6,236,3.9,1099.,0.0
A108,02/03/2018,15,26.8,27.2,26.5,84,85,82,23.9,24.2,23.6,990.1,990.1,989.9,2.2,236,5.0,992.2,0.0
A108,02/03/2018,16,26.3,26.9,26.2,85,86,82,23.5,23.9,23.1,989.9,990.4,989.9,2.5,236,5.6,890.4,0.0
A108,02/03/2018,23,24.6,25.5,24.6,86,86,80,22.1,22.2,21.8,986.8,986.8,985.9,1.2,236,4.1,167.9,0.0
A108,02/03/2018,17,27.7,28.0,25.7,78,90,78,23.5,24.3,23.0,989.1,989.9,989.1,3.0,236,7.3,1646.,0.2
A108,02/03/2018,18,26.6,28.3,26.3,81,82,74,23.1,24.2,22.4,987.9,989.1,987.9,2.4,236,7.3,1746.,0.0
A108,02/03/2018,19,26.1,27.0,26.1,82,82,77,22.9,23.5,22.3,987.2,987.9,987.1,3.0,236,6.5,1118.,0.0
A108,02/03/2018,20,27.8,27.8,26.1,78,82,76,23.5,23.6,22.3,986.0,987.2,986.0,2.4,236,6.7,1182.,0.2
A108,02/03/2018,21,26.4,27.8,26.3,79,80,75,22.4,23.1,22.0,985.9,986.0,985.4,1.9,236,7.2,1259.,0.0
A108,02/03/2018,22,25.5,26.4,25.5,81,82,79,21.9,22.6,21.9,986.0,986.2,985.9,1.6,236,5.5,606.5,0.0
A108,02/03/2018,00,24.6,24.9,24.4,95,95,94,23.8,23.9,23.5,985.7,985.7,984.7,0.0,236,0.9,0.084,0.0
A108,03/03/2018,16,26.7,26.7,25.3,76,83,75,22.1,22.6,21.6,989.9,990.1,989.9,0.7,236,2.7,1249.,0.0
A108,03/03/2018,05,22.4,22.6,22.3,96,96,96,21.8,21.9,21.6,988.2,988.7,988.2,0.3,236,1.5,-3.03,0.0
A108,03/03/2018,06,22.1,22.6,22.1,96,96,96,21.5,22.0,21.5,987.5,988.2,987.4,0.1,236,1.5,-2.89,0.0
A108,03/03/2018,17,28.9,29.2,26.6,68,78,67,22.4,23.5,21.5,989.0,989.9,989.0,1.2,236,2.8,2607.,0.0
A108,03/03/2018,07,21.8,22.1,21.8,97,97,96,21.2,21.5,21.2,987.2,987.4,987.2,0.0,236,1.5,-2.78,0.0
A108,03/03/2018,18,29.6,30.2,28.4,64,71,62,22.2,23.9,21.3,987.6,989.0,987.6,1.1,236,2.8,3228.,0.2
A108,03/03/2018,08,21.7,21.9,21.7,97,97,97,21.2,21.3,21.1,987.1,987.2,987.0,0.0,236,1.0,-3.21,0.0
A108,03/03/2018,19,29.9,30.6,29.2,63,66,58,22.1,22.8,20.6,985.7,987.6,985.7,1.8,236,5.1,3077.,0.0
A108,03/03/2018,23,26.7,29.1,26.6,79,81,67,22.8,23.0,21.9,983.0,983.0,982.8,0.2,236,2.4,215.0,0.0
A108,03/03/2018,09,21.7,21.8,21.6,97,97,97,21.2,21.3,21.1,986.8,987.1,986.8,0.0,236,0.8,-2.02,0.0
A108,03/03/2018,20,29.9,31.3,29.5,62,65,57,21.9,23.4,21.0,984.1,985.7,984.1,1.9,236,4.6,2524.,0.0
A108,03/03/2018,10,21.8,21.8,21.7,97,97,97,21.2,21.3,21.2,987.2,987.2,986.8,0.0,236,0.6,-1.59,0.0
A108,03/03/2018,21,29.1,30.6,29.0,68,69,59,22.5,23.0,21.2,982.8,984.2,982.8,1.5,236,3.6,1572.,0.0
A108,03/03/2018,11,21.8,21.9,21.7,97,97,97,21.3,21.4,21.1,987.8,987.8,987.2,0.0,236,0.6,-1.54,0.0
A108,03/03/2018,12,22.2,22.2,21.8,97,97,97,21.7,21.7,21.4,989.0,989.0,987.8,0.0,236,1.2,107.4,0.0
A108,03/03/2018,02,23.1,23.3,23.1,95,95,94,22.3,22.4,22.2,988.3,988.3,987.5,0.0,236,2.8,-2.59,0.0
A108,03/03/2018,13,23.1,23.2,22.2,96,97,96,22.4,22.4,21.7,989.8,989.8,989.0,0.6,236,1.4,430.4,0.0
A108,03/03/2018,22,29.1,29.7,29.0,67,69,64,22.5,23.0,21.8,982.8,982.8,982.6,0.6,236,3.3,992.2,0.0
A108,03/03/2018,14,24.0,24.5,23.1,86,96,85,21.6,22.7,21.5,990.2,990.2,989.8,1.6,236,2.9,937.8,0.0
A108,03/03/2018,01,23.2,23.6,23.2,94,95,94,22.2,22.7,22.2,987.5,987.5,986.6,1.0,236,2.9,-2.46,1.4
A108,03/03/2018,03,22.8,23.3,22.8,96,96,95,22.1,22.4,22.0,988.6,988.6,988.3,0.6,236,1.7,-2.25,0.0
A108,03/03/2018,00,23.5,24.6,23.5,94,94,86,22.5,22.5,22.1,986.7,987.1,986.7,0.7,236,2.5,-2.95,2.0
A108,03/03/2018,04,22.6,22.8,22.4,96,96,96,21.9,22.1,21.7,988.7,988.8,988.6,0.0,236,1.7,-3.15,0.0
A108,03/03/2018,15,25.5,25.8,24.0,79,88,79,21.7,22.7,21.4,990.1,990.3,990.0,1.1,236,2.9,1387.,0.0
A108,04/03/2018,07,23.2,24.0,23.2,95,95,93,22.3,23.0,22.3,985.1,985.6,985.1,0.0,236,0.0,-2.56,0.0
A108,04/03/2018,16,31.9,32.1,30.3,53,65,52,21.1,23.8,20.8,987.3,987.6,987.3,1.5,236,4.0,3270.,0.0
A108,04/03/2018,02,24.4,24.7,24.2,92,93,91,23.0,23.3,22.9,986.2,986.2,984.6,0.2,236,1.1,-3.22,0.0
A108,04/03/2018,08,23.0,23.3,22.9,96,96,95,22.3,22.5,22.2,984.8,985.1,984.8,0.2,236,1.5,-3.35,0.0
A108,04/03/2018,13,26.4,26.4,23.5,86,96,85,23.8,24.2,22.8,987.4,987.4,986.7,1.1,236,2.6,817.5,0.0
A108,04/03/2018,05,23.9,24.5,23.7,93,94,90,22.6,23.0,22.5,986.4,986.9,986.4,0.4,236,1.8,-2.25,0.0
A108,04/03/2018,21,32.6,33.5,30.1,51,66,49,21.1,23.9,20.8,980.4,981.5,980.3,2.7,236,4.8,1958.,0.0
A108,04/03/2018,23,27.6,29.9,27.6,76,77,64,23.1,23.6,22.2,980.8,981.1,980.6,1.1,236,4.3,266.2,0.0
A108,04/03/2018,15,30.4,30.5,28.2,64,73,63,22.7,23.3,22.0,987.6,987.9,987.6,1.8,236,4.0,2689.,0.0
A108,04/03/2018,03,24.1,24.7,23.9,93,94,91,22.8,23.2,22.7,986.7,986.7,986.2,0.0,236,1.1,-2.45,0.0
A108,04/03/2018,06,23.5,24.1,23.5,95,95,93,22.6,22.8,22.5,985.6,986.4,985.6,0.0,236,1.3,-2.29,0.0
A108,04/03/2018,09,23.0,23.1,22.9,95,96,95,22.1,22.4,22.1,984.7,984.8,984.7,0.9,236,1.9,-3.29,0.0
A108,04/03/2018,00,25.2,26.7,25.2,87,87,78,22.9,23.0,22.5,983.7,983.7,983.0,0.0,236,0.9,-0.41,0.0
A108,04/03/2018,11,22.9,23.0,22.7,96,96,96,22.2,22.3,21.9,985.9,985.9,985.2,0.3,236,1.8,-1.69,0.0
A108,04/03/2018,17,32.6,33.1,31.0,54,58,48,22.0,22.5,20.0,986.2,987.3,986.2,0.7,236,3.8,3796.,0.0
A108,04/03/2018,01,24.3,25.4,24.1,93,93,87,23.0,23.4,22.7,984.6,984.6,983.7,0.0,236,0.0,-3.54,0.0
A108,04/03/2018,14,28.2,28.2,26.2,72,86,72,22.8,24.6,22.5,987.8,987.8,987.4,1.3,236,4.1,1938.,0.0
A108,04/03/2018,22,29.9,33.0,29.9,64,64,50,22.2,23.0,20.9,980.6,980.6,980.1,1.6,236,5.0,1144.,0.0
A108,04/03/2018,10,22.9,23.1,22.8,96,96,95,22.2,22.3,22.0,985.2,985.2,984.7,0.7,236,1.9,-2.88,0.0
A108,04/03/2018,04,24.0,24.1,23.6,94,95,93,22.9,23.1,22.5,986.9,986.9,986.6,0.0,236,0.0,-3.06,0.0
A108,04/03/2018,18,32.0,33.4,32.0,54,56,45,21.7,22.8,19.5,984.8,986.2,984.8,1.2,236,4.2,3671.,0.0
A108,04/03/2018,19,31.8,32.4,31.2,54,58,52,21.5,22.6,20.9,982.9,984.8,982.9,1.2,236,4.3,1718.,0.0
A108,04/03/2018,20,31.6,31.8,30.0,59,69,55,22.5,24.0,21.5,981.5,982.9,981.5,1.4,236,3.8,876.8,0.0
A108,04/03/2018,12,23.5,23.5,22.9,96,96,96,22.8,22.8,22.2,986.7,986.7,985.9,0.1,236,1.2,170.2,0.0
A108,05/03/2018,08,23.0,23.4,23.0,94,95,93,22.0,22.6,22.0,983.4,984.2,983.4,1.3,236,3.1,-2.83,0.0
A108,05/03/2018,05,23.6,24.0,23.6,94,94,92,22.7,22.7,22.7,985.8,986.9,985.8,1.0,236,2.5,-2.71,0.0
A108,05/03/2018,09,22.9,23.0,22.9,94,94,94,21.9,22.0,21.8,983.3,983.4,983.2,0.5,236,3.1,-2.88,0.0
A108,05/03/2018,19,32.4,33.0,30.7,51,61,49,21.0,23.3,20.0,982.1,984.1,982.1,1.3,236,3.8,2518.,0.0
A108,05/03/2018,06,23.4,23.6,23.4,95,95,94,22.6,22.7,22.5,985.3,985.8,985.3,1.0,236,3.1,-2.70,0.2
A108,05/03/2018,04,24.0,24.6,24.0,92,92,89,22.7,22.8,22.6,986.9,987.1,986.6,0.7,236,2.6,-2.12,0.0
A108,05/03/2018,10,23.0,23.1,22.9,94,94,94,22.0,22.0,21.9,983.6,983.6,983.3,0.6,236,1.8,-2.81,0.0
A108,05/03/2018,03,24.6,24.7,24.4,89,91,87,22.6,22.9,22.5,986.6,986.6,985.7,0.4,236,4.5,-3.22,0.0
A108,05/03/2018,18,32.7,32.8,30.9,51,60,49,21.2,22.8,19.8,984.1,985.9,984.1,1.1,236,6.0,3470.,0.0
A108,05/03/2018,07,23.4,23.4,23.3,95,95,95,22.6,22.6,22.5,984.2,985.3,984.2,1.1,236,3.3,-2.43,0.0
A108,05/03/2018,17,31.5,31.5,29.8,58,65,56,22.2,23.0,20.6,985.9,986.7,985.9,1.2,236,4.7,2852.,0.0
A108,05/03/2018,11,23.1,23.1,23.0,95,95,94,22.2,22.2,22.0,984.3,984.3,983.6,0.8,236,2.2,-1.67,0.0
A108,05/03/2018,16,29.9,30.4,29.2,58,70,54,20.8,23.3,20.1,986.7,986.9,986.7,1.1,236,3.1,2448.,0.0
A108,05/03/2018,15,29.3,29.9,26.6,65,78,63,22.1,23.5,21.2,986.9,987.2,986.9,0.4,236,2.9,2674.,0.0
A108,05/03/2018,02,24.7,25.8,24.7,87,87,83,22.5,22.8,22.3,985.7,985.7,983.7,1.0,236,5.9,-3.18,0.0
A108,05/03/2018,01,25.8,26.6,25.8,84,85,82,22.9,23.5,22.8,983.7,983.7,982.3,2.5,236,6.9,-3.39,0.0
A108,05/03/2018,13,24.8,24.8,23.6,89,94,89,22.8,23.1,22.4,986.5,986.5,985.4,1.3,236,2.5,563.9,0.2
A108,05/03/2018,00,26.6,27.6,26.6,83,83,76,23.4,23.4,23.1,982.2,982.2,980.8,1.6,236,2.5,4.484,0.0
A108,05/03/2018,14,26.8,26.8,24.7,77,89,77,22.5,23.4,22.0,987.2,987.2,986.5,0.9,236,3.1,1378.,0.0
A108,05/03/2018,20,32.3,33.4,31.6,52,54,46,21.3,22.2,19.5,981.2,982.1,981.2,2.0,236,4.8,2586.,0.0
A108,05/03/2018,23,24.9,27.6,24.9,84,87,76,22.0,24.3,21.9,982.2,982.2,980.8,2.1,236,6.0,110.7,0.0
A108,05/03/2018,12,23.6,23.6,23.1,94,95,94,22.6,22.6,22.2,985.4,985.4,984.3,1.0,236,2.4,142.6,0.0
A108,05/03/2018,21,31.9,32.4,30.5,56,64,52,22.2,23.3,20.9,980.7,981.2,980.4,2.7,236,6.1,1419.,0.0
A108,05/03/2018,22,27.6,32.1,27.6,82,84,56,24.3,25.1,21.7,980.8,981.1,980.7,0.4,236,5.3,607.9,0.0
A108,06/03/2018,17,22.8,23.0,22.5,92,94,92,21.5,22.0,21.4,988.1,989.0,988.1,2.0,236,3.4,556.2,0.2
A108,06/03/2018,18,24.9,25.2,22.8,82,93,81,21.6,22.3,21.2,987.2,988.1,987.2,0.6,236,3.1,1372.,0.2
A108,06/03/2018,00,23.6,24.9,23.6,91,91,84,22.1,22.2,21.9,983.4,983.4,982.2,0.9,236,5.2,-1.61,0.0
A108,06/03/2018,01,23.9,24.0,23.6,91,93,91,22.3,22.6,22.1,984.4,984.4,983.4,1.3,236,2.5,-2.90,0.2
A108,06/03/2018,02,23.5,24.0,23.5,93,93,91,22.4,22.5,22.3,984.7,984.7,984.2,0.7,236,2.7,-3.13,0.0
A108,06/03/2018,03,23.8,23.8,23.4,93,95,93,22.7,22.8,22.4,985.6,985.7,984.7,1.4,236,2.2,-1.95,0.0
A108,06/03/2018,04,23.6,23.9,23.6,95,95,93,22.7,23.0,22.7,985.3,985.6,985.1,0.0,236,2.2,-1.70,0.0
A108,06/03/2018,22,27.7,28.7,27.7,71,73,69,22.0,23.2,21.6,982.9,983.0,982.9,1.8,236,4.4,1109.,0.0
A108,06/03/2018,05,23.5,23.6,23.5,95,95,95,22.7,22.8,22.6,985.8,985.8,985.2,0.4,236,1.4,-1.85,0.6
A108,06/03/2018,06,23.2,23.5,23.2,96,96,95,22.4,22.7,22.4,985.2,985.8,985.2,0.0,236,1.7,-1.90,0.2
A108,06/03/2018,07,23.2,23.2,23.0,96,96,96,22.5,22.5,22.2,984.1,985.2,984.1,0.0,236,0.5,-2.33,0.0
A108,06/03/2018,21,27.7,29.3,27.6,73,75,66,22.4,23.8,22.1,982.9,983.8,982.9,2.3,236,6.0,1895.,0.0
A108,06/03/2018,08,23.5,23.6,23.2,95,96,95,22.8,22.9,22.5,983.4,984.1,983.4,0.6,236,1.3,-1.76,0.2
A108,06/03/2018,09,23.4,23.5,23.4,96,96,95,22.7,22.8,22.6,984.0,984.0,983.4,0.4,236,2.0,-1.30,0.0
A108,06/03/2018,10,23.3,23.6,23.3,96,96,96,22.6,22.8,22.6,984.8,984.8,984.0,0.0,236,1.3,-1.53,0.6
A108,06/03/2018,11,23.3,23.5,23.3,96,96,96,22.6,22.8,22.6,985.9,985.9,984.8,0.2,236,1.1,-1.20,0.0
A108,06/03/2018,12,23.6,23.6,23.3,96,96,96,23.0,23.0,22.6,986.9,986.9,985.9,0.0,236,1.1,63.42,1.2
A108,06/03/2018,19,27.2,27.4,24.8,73,86,71,21.9,23.0,21.0,985.2,987.2,985.2,0.9,236,2.7,2441.,0.0
A108,06/03/2018,13,24.0,24.2,23.6,95,96,95,23.3,23.4,23.0,988.1,988.1,986.9,0.1,236,1.5,225.1,0.0
A108,06/03/2018,20,29.0,29.0,27.1,71,78,68,23.3,23.5,21.8,983.8,985.2,983.8,1.7,236,3.7,2803.,0.0
A108,06/03/2018,14,21.7,24.8,21.7,92,95,87,20.3,23.8,20.3,989.5,989.6,988.1,4.6,236,13.4,399.2,3.2
A108,06/03/2018,23,25.9,27.7,25.9,81,81,72,22.4,22.7,21.9,983.8,983.8,982.9,1.0,236,3.6,240.2,0.0
A108,06/03/2018,15,22.4,22.5,21.6,94,95,92,21.4,21.7,20.4,988.8,989.5,988.8,2.0,236,13.4,234.7,1.4
A108,06/03/2018,16,22.6,22.6,22.1,94,94,93,21.5,21.5,21.1,989.0,989.1,988.8,0.6,236,4.2,223.4,2.8
A108,07/03/2018,06,22.0,22.5,22.0,96,96,96,21.4,21.8,21.4,987.1,987.8,987.1,0.0,236,0.0,-3.25,0.0
A108,07/03/2018,12,22.3,22.3,22.1,97,97,97,21.7,21.8,21.6,988.5,988.5,987.6,0.2,236,1.7,101.9,0.0
A108,07/03/2018,00,24.2,25.9,24.2,90,90,81,22.4,22.6,22.4,985.2,985.2,983.8,0.7,236,3.4,-1.47,0.0
A108,07/03/2018,16,29.5,29.6,26.6,70,80,67,23.4,24.1,22.1,989.8,990.1,989.8,1.3,236,2.3,2473.,0.0
A108,07/03/2018,19,32.2,32.2,30.0,56,67,54,22.2,24.0,20.9,986.1,987.6,986.1,1.3,236,3.6,2696.,0.0
A108,07/03/2018,01,23.3,24.2,23.3,94,94,90,22.3,22.5,22.1,986.7,986.7,985.2,0.3,236,2.4,-3.54,0.0
A108,07/03/2018,22,30.0,31.5,29.9,64,65,57,22.5,22.9,21.6,984.0,984.0,983.8,1.4,236,3.3,997.5,0.0
A108,07/03/2018,15,26.6,27.3,25.1,79,87,76,22.6,23.7,22.2,990.0,990.0,989.8,0.7,236,2.2,1730.,0.0
A108,07/03/2018,07,21.9,22.3,21.8,96,97,96,21.3,21.7,21.2,986.3,987.1,986.3,0.0,236,0.0,-3.13,0.0
A108,07/03/2018,02,23.0,23.7,23.0,94,95,93,22.0,22.6,21.9,987.6,987.6,986.7,0.1,236,1.2,-3.42,0.0
A108,07/03/2018,11,22.2,22.3,22.1,97,97,97,21.6,21.7,21.5,987.6,987.6,986.9,0.0,236,1.4,-0.39,0.0
A108,07/03/2018,21,30.2,31.9,30.2,61,61,50,21.9,22.5,19.9,983.8,984.9,983.8,1.7,236,3.9,2035.,0.0
A108,07/03/2018,14,25.0,25.0,22.8,86,97,86,22.6,23.1,22.2,989.9,989.9,989.5,0.7,236,1.8,980.2,0.0
A108,07/03/2018,03,23.1,23.5,23.0,94,95,93,22.0,22.5,21.9,988.0,988.0,987.5,0.2,236,3.0,-3.37,0.0
A108,07/03/2018,17,30.2,30.4,28.3,62,72,62,22.0,23.7,21.9,988.9,989.8,988.9,0.8,236,3.4,2481.,0.0
A108,07/03/2018,08,22.2,22.3,21.9,97,97,96,21.7,21.7,21.3,986.4,986.4,986.1,0.0,236,0.0,-2.89,0.0
A108,07/03/2018,23,26.2,30.0,26.2,80,80,64,22.5,23.2,22.1,985.5,985.5,984.0,1.9,236,5.9,106.4,0.0
A108,07/03/2018,04,22.6,23.3,22.6,95,95,93,21.7,22.2,21.7,988.5,988.7,988.0,0.0,236,2.5,-3.41,0.0
A108,07/03/2018,18,30.0,31.1,29.6,67,67,58,23.1,23.8,21.1,987.6,988.9,987.6,1.3,236,3.2,2137.,0.0
A108,07/03/2018,20,31.4,32.4,30.8,53,59,50,20.8,22.9,19.5,984.9,986.1,984.9,0.8,236,3.3,2316.,0.0
A108,07/03/2018,10,22.2,22.3,22.2,97,97,97,21.7,21.8,21.7,986.9,986.9,986.7,0.2,236,1.9,-1.09,0.0
A108,07/03/2018,05,22.5,22.7,22.2,96,96,95,21.9,21.9,21.5,987.8,988.5,987.8,0.0,236,0.0,-3.36,0.0
A108,07/03/2018,09,22.3,22.3,22.0,97,97,97,21.7,21.8,21.4,986.7,986.8,986.3,0.0,236,0.0,-1.96,0.0
A108,07/03/2018,13,22.8,22.8,22.2,97,97,97,22.2,22.3,21.7,989.5,989.5,988.5,0.7,236,2.3,346.2,0.0
A108,08/03/2018,23,25.4,26.3,25.4,85,85,81,22.6,23.1,22.6,985.9,985.9,984.7,0.2,236,2.7,143.5,0.0
A108,08/03/2018,00,24.6,26.2,24.6,85,86,80,21.9,22.6,21.5,986.4,986.4,985.5,2.1,236,5.3,-2.79,0.0
A108,08/03/2018,01,24.5,24.8,24.5,82,85,82,21.3,21.9,21.2,986.8,987.0,986.4,0.8,236,4.7,-3.33,0.0
A108,08/03/2018,02,23.8,24.5,23.7,87,88,82,21.6,21.6,21.1,987.6,987.6,986.8,0.3,236,2.2,-3.43,0.0
A108,08/03/2018,03,23.9,24.1,23.7,91,91,86,22.3,22.3,21.6,988.1,988.3,987.6,1.1,236,4.6,-3.21,0.0
A108,08/03/2018,04,23.8,23.9,23.6,92,92,91,22.3,22.4,22.2,988.2,988.2,987.9,0.4,236,3.0,-3.27,0.0
A108,08/03/2018,05,23.7,23.8,23.6,92,92,91,22.4,22.4,22.2,987.7,988.4,987.7,0.9,236,4.4,-2.30,0.0
A108,08/03/2018,06,23.3,23.8,23.3,94,94,92,22.3,22.5,22.3,987.0,987.7,987.0,0.0,236,3.0,-3.10,0.0
A108,08/03/2018,07,23.1,23.3,23.1,95,95,94,22.3,22.4,22.1,986.9,987.0,986.9,0.0,236,0.0,-2.28,0.0
A108,08/03/2018,08,23.0,23.4,23.0,95,96,95,22.2,22.7,22.2,986.6,986.9,986.6,0.0,236,0.0,-2.69,0.0
A108,08/03/2018,09,23.0,23.1,22.9,96,96,95,22.3,22.4,22.2,986.9,986.9,986.5,0.1,236,1.7,-1.68,0.0
A108,08/03/2018,10,22.6,23.0,22.6,96,96,96,21.9,22.3,21.9,987.0,987.1,986.9,0.0,236,1.5,-3.18,0.0
A108,08/03/2018,11,22.8,22.8,22.5,96,96,96,22.0,22.2,21.8,986.9,987.0,986.8,0.5,236,1.3,-2.15,0.0
A108,08/03/2018,12,23.4,23.4,22.5,96,96,96,22.6,22.7,21.8,988.1,988.1,986.9,0.5,236,1.3,188.1,0.0
A108,08/03/2018,13,24.9,24.9,23.4,88,96,87,22.8,23.0,22.3,989.4,989.4,988.1,0.4,236,2.4,718.4,0.0
A108,08/03/2018,14,25.8,26.0,24.9,85,88,84,23.0,23.4,22.5,990.6,990.6,989.4,1.3,236,3.0,834.2,0.0
A108,08/03/2018,15,27.0,27.3,25.8,79,86,78,23.1,23.7,22.8,990.9,990.9,990.6,1.3,236,2.8,1132.,0.0
A108,08/03/2018,16,29.5,29.5,27.0,68,82,68,23.0,24.0,22.5,990.3,990.9,990.3,1.3,236,3.3,2043.,0.0
A108,08/03/2018,17,29.8,31.1,29.1,65,73,62,22.5,25.1,22.1,988.7,990.3,988.7,1.6,236,3.4,3150.,0.0
A108,08/03/2018,18,30.5,31.6,29.2,61,71,59,22.1,24.1,22.0,986.9,988.7,986.9,1.4,236,4.0,2550.,0.0
A108,08/03/2018,19,31.1,31.9,28.9,63,70,58,23.3,24.1,22.0,985.8,986.9,985.8,3.0,236,6.4,2526.,0.0
A108,08/03/2018,20,27.1,31.1,27.0,77,77,59,22.7,23.6,21.7,985.3,985.8,985.2,2.0,236,7.3,1674.,0.0
A108,08/03/2018,21,26.9,27.3,26.9,76,79,73,22.4,23.1,22.0,984.2,985.3,984.2,0.5,236,4.0,686.7,0.0
A108,08/03/2018,22,26.2,26.9,26.2,83,83,76,23.0,23.3,22.2,984.8,984.8,984.1,1.1,236,2.7,435.3,0.0
A108,09/03/2018,21,23.9,32.7,23.2,96,96,54,23.1,23.2,21.6,983.4,984.1,983.2,1.3,236,11.0,239.6,33.2
A108,09/03/2018,22,24.8,24.8,23.9,96,96,96,24.1,24.1,23.2,983.5,983.7,983.1,0.8,236,2.4,249.9,0.0
A108,09/03/2018,04,23.7,23.9,23.6,95,95,94,22.8,22.9,22.7,987.7,987.7,987.3,0.1,236,1.1,-3.12,0.0
A108,09/03/2018,07,23.9,24.0,23.8,95,95,95,23.1,23.2,23.0,987.2,987.8,987.2,0.5,236,1.6,-0.11,2.4
A108,09/03/2018,08,23.6,24.1,23.6,96,96,95,22.9,23.3,22.8,987.1,987.2,987.0,0.2,236,1.3,-1.48,0.0
A108,09/03/2018,01,24.3,24.5,23.9,93,93,91,23.1,23.1,22.7,986.0,986.1,985.8,0.0,236,0.7,-3.42,0.0
A108,09/03/2018,03,23.8,24.0,23.6,94,95,94,22.8,23.0,22.6,987.3,987.3,986.4,0.1,236,1.4,-2.48,0.0
A108,09/03/2018,02,23.8,24.6,23.8,94,94,91,22.9,23.3,22.7,986.4,986.4,986.0,0.0,236,0.0,-3.14,0.0
A108,09/03/2018,09,23.9,23.9,23.5,96,96,96,23.2,23.2,22.8,987.2,987.2,987.1,0.0,236,1.3,-0.56,0.0
A108,09/03/2018,23,24.3,25.0,24.2,94,96,94,23.3,24.3,23.3,983.9,983.9,983.5,0.4,236,3.7,127.2,0.0
A108,09/03/2018,05,23.6,23.8,23.4,95,95,95,22.9,22.9,22.6,987.9,987.9,987.7,0.0,236,1.1,-2.24,0.0
A108,09/03/2018,10,23.7,23.9,23.7,96,96,96,23.0,23.2,23.0,987.6,987.6,987.2,0.0,236,1.5,-1.12,0.0
A108,09/03/2018,11,23.4,23.7,23.4,96,96,96,22.8,23.0,22.8,987.7,987.7,987.6,1.0,236,2.8,-1.12,0.0
A108,09/03/2018,12,23.6,23.6,23.4,95,96,95,22.9,22.9,22.7,988.1,988.1,987.7,0.2,236,4.1,104.9,0.0
A108,09/03/2018,13,24.7,24.7,23.6,90,96,90,22.8,23.4,22.8,988.9,988.9,988.1,0.9,236,2.1,520.4,0.0
A108,09/03/2018,14,26.7,27.0,24.7,79,91,77,22.7,23.8,22.1,989.6,989.6,988.9,1.5,236,4.1,1598.,0.0
A108,09/03/2018,15,28.4,29.0,26.5,70,81,67,22.3,23.7,21.9,989.6,989.7,989.5,1.9,236,4.0,2632.,0.0
A108,09/03/2018,16,30.5,30.5,28.1,66,74,63,23.5,24.2,21.9,989.3,989.6,989.3,0.6,236,4.0,2594.,0.0
A108,09/03/2018,06,23.8,23.8,23.6,95,95,95,23.0,23.0,22.8,987.8,988.0,987.8,0.0,236,1.0,-0.82,0.0
A108,09/03/2018,17,30.8,31.1,30.0,62,68,59,22.8,24.0,21.8,988.3,989.3,988.3,0.9,236,3.9,2437.,0.0
A108,09/03/2018,18,31.7,32.4,30.5,56,65,54,21.9,23.7,21.5,986.2,988.3,986.2,1.8,236,4.7,3083.,0.0
A108,09/03/2018,19,33.3,33.5,31.3,51,62,50,21.9,24.5,21.3,984.0,986.1,984.0,1.5,236,4.7,3177.,0.0
A108,09/03/2018,00,24.2,25.4,24.2,92,92,85,22.8,22.9,22.6,985.9,986.2,985.9,0.1,236,1.9,-2.09,0.0
A108,09/03/2018,20,32.7,33.5,31.0,56,60,51,22.7,23.2,21.0,983.2,984.0,983.2,1.5,236,5.5,2182.,0.0
A108,10/03/2018,09,23.7,23.8,23.7,96,96,96,23.0,23.1,23.0,986.2,986.3,985.9,0.0,236,2.0,-0.82,0.0
A108,10/03/2018,19,31.2,32.2,29.8,65,74,57,23.8,25.0,21.9,984.6,985.9,984.6,0.9,236,6.2,2931.,0.0
A108,10/03/2018,15,27.9,28.5,26.8,78,84,74,23.8,24.4,23.0,989.2,989.3,989.2,0.8,236,3.2,1575.,0.0
A108,10/03/2018,05,24.0,24.3,24.0,96,96,96,23.3,23.6,23.2,987.3,987.8,987.3,0.1,236,1.3,-0.75,0.0
A108,10/03/2018,12,24.0,24.0,23.2,95,95,95,23.1,23.1,22.4,987.7,987.7,986.8,0.6,236,1.5,183.0,0.0
A108,10/03/2018,14,27.2,27.3,25.0,80,91,79,23.5,24.1,23.2,989.3,989.4,988.8,1.2,236,3.0,1194.,0.0
A108,10/03/2018,13,25.0,25.0,24.0,91,95,90,23.4,23.5,23.0,988.8,988.8,987.7,0.5,236,2.1,416.5,0.0
A108,10/03/2018,16,29.8,30.2,27.9,70,79,68,23.8,24.7,23.0,989.2,989.4,989.2,1.8,236,3.6,2311.,0.0
A108,10/03/2018,23,26.8,27.9,26.8,82,82,76,23.5,23.6,23.3,984.6,984.6,983.9,0.8,236,2.3,44.28,0.0
A108,10/03/2018,03,24.2,24.5,24.1,95,95,94,23.3,23.6,23.1,987.2,987.2,986.7,0.1,236,2.3,-1.68,0.0
A108,10/03/2018,01,24.3,24.4,24.0,95,95,95,23.5,23.5,23.1,986.0,986.0,984.9,0.5,236,2.1,-2.17,0.0
A108,10/03/2018,18,31.2,31.5,29.3,62,71,58,23.2,23.8,21.9,985.9,988.3,985.9,2.1,236,4.5,2674.,0.0
A108,10/03/2018,08,23.8,23.9,23.8,96,96,96,23.1,23.2,23.1,985.9,986.1,985.8,0.5,236,1.4,-1.90,0.0
A108,10/03/2018,00,24.1,24.5,23.9,95,95,94,23.2,23.5,23.0,985.0,985.1,983.9,0.0,236,1.8,-1.32,0.0
A108,10/03/2018,06,24.0,24.2,24.0,96,96,95,23.2,23.4,23.2,986.7,987.3,986.7,0.1,236,2.3,-1.06,0.0
A108,10/03/2018,02,24.4,24.4,24.3,94,95,94,23.3,23.6,23.3,986.7,986.7,986.0,1.3,236,2.5,-1.36,0.4
A108,10/03/2018,10,23.7,23.8,23.7,95,96,95,22.9,23.1,22.9,986.6,986.6,986.2,0.5,236,2.3,-0.47,0.2
A108,10/03/2018,22,27.9,28.6,27.9,77,78,73,23.5,24.0,23.3,984.0,984.0,983.8,0.7,236,2.6,253.5,0.0
A108,10/03/2018,07,23.9,24.0,23.9,96,96,96,23.1,23.3,23.1,986.1,986.7,986.1,0.1,236,1.3,-1.43,0.0
A108,10/03/2018,04,24.0,24.2,24.0,96,96,95,23.3,23.4,23.2,987.7,987.7,987.2,0.0,236,1.1,-1.80,0.2
A108,10/03/2018,11,23.4,23.8,23.4,95,95,95,22.5,22.9,22.5,986.8,986.8,986.6,0.3,236,1.7,-0.11,0.0
A108,10/03/2018,17,29.6,31.0,29.5,66,70,58,22.7,24.1,21.2,988.3,989.2,988.3,1.4,236,4.9,2573.,0.0
A108,10/03/2018,21,28.6,30.3,28.6,74,74,61,23.4,23.5,21.5,983.8,983.8,983.6,1.3,236,4.7,353.3,0.0
A108,10/03/2018,20,30.3,32.1,30.3,61,66,56,22.0,24.3,21.5,983.7,984.6,983.7,2.2,236,4.8,1923.,0.0
A108,11/03/2018,11,22.9,23.0,22.7,96,96,96,22.3,22.4,22.1,987.1,987.1,986.2,0.0,236,1.3,0.928,0.0
A108,11/03/2018,00,26.1,26.8,26.1,89,89,82,24.1,24.2,23.5,985.2,985.2,984.6,1.7,236,5.3,-2.11,0.0
A108,11/03/2018,01,25.3,26.1,25.3,90,90,89,23.6,24.1,23.6,986.1,986.1,985.2,1.5,236,5.3,-3.52,0.0
A108,11/03/2018,02,24.7,25.3,24.7,91,92,90,23.2,23.6,23.2,987.1,987.1,986.1,1.0,236,3.4,-3.36,0.0
A108,11/03/2018,03,24.2,24.7,24.2,92,92,91,22.8,23.2,22.8,987.6,987.6,987.1,1.1,236,3.4,-3.40,0.0
A108,11/03/2018,04,23.6,24.2,23.6,94,94,92,22.6,22.8,22.5,987.4,987.6,987.3,0.0,236,2.8,-3.41,0.0
A108,11/03/2018,05,23.7,23.9,23.6,94,94,94,22.8,22.9,22.6,986.8,987.5,986.8,0.6,236,2.1,-2.07,0.0
A108,11/03/2018,06,23.7,23.7,23.5,95,95,94,22.8,22.8,22.6,986.2,986.8,986.2,1.1,236,2.6,-1.75,0.0
A108,11/03/2018,07,23.4,23.7,23.3,95,95,95,22.6,22.8,22.5,985.7,986.2,985.7,0.2,236,2.6,-2.61,0.0
A108,11/03/2018,08,23.1,23.4,23.0,96,96,95,22.3,22.6,22.2,985.2,985.6,985.2,0.1,236,1.4,-3.02,0.0
A108,11/03/2018,09,22.8,23.1,22.8,96,96,96,22.1,22.4,22.1,985.5,985.5,985.2,0.0,236,0.9,-3.27,0.0
A108,11/03/2018,10,22.7,22.8,22.6,96,96,96,22.1,22.2,22.0,986.2,986.2,985.4,0.3,236,1.3,-2.89,0.0
A108,11/03/2018,12,23.5,23.8,22.9,97,97,96,22.9,23.1,22.4,988.0,988.0,987.1,0.3,236,1.9,202.9,0.0
A108,11/03/2018,13,25.5,25.6,23.5,87,97,86,23.2,23.8,22.8,988.7,988.7,988.0,0.5,236,3.9,773.9,0.0
A108,11/03/2018,14,26.8,27.0,25.5,80,87,80,23.0,23.8,22.7,989.2,989.2,988.7,0.3,236,2.5,955.3,0.0
A108,11/03/2018,15,28.3,28.5,26.8,74,82,73,23.2,23.9,22.8,989.1,989.2,989.1,0.9,236,2.8,1533.,0.0
A108,11/03/2018,16,30.2,30.8,28.3,67,77,64,23.5,24.6,22.6,988.6,989.1,988.6,1.2,236,3.3,2435.,0.0
A108,11/03/2018,17,31.6,31.8,30.1,62,69,58,23.4,24.2,22.4,987.5,988.6,987.5,0.5,236,4.5,2940.,0.0
A108,11/03/2018,18,31.2,33.0,30.6,59,65,55,22.2,24.3,21.8,986.0,987.5,986.0,1.8,236,5.2,3104.,0.0
A108,11/03/2018,19,28.0,31.2,27.1,74,78,58,22.9,23.2,21.8,985.4,986.1,985.4,2.7,236,9.0,832.6,0.0
A108,11/03/2018,20,27.1,29.2,26.9,77,78,68,22.8,23.6,22.2,984.9,985.4,984.9,3.0,236,8.7,1619.,0.0
A108,11/03/2018,21,27.5,28.5,27.0,72,77,68,21.9,23.6,21.5,984.0,984.9,984.0,2.8,236,7.3,1830.,0.0
A108,11/03/2018,22,27.5,27.9,26.8,70,78,70,21.5,23.1,21.5,983.9,984.0,983.7,1.0,236,6.0,920.9,0.0
A108,11/03/2018,23,25.7,27.5,25.7,79,80,69,21.7,22.3,21.5,984.6,984.7,983.9,1.1,236,2.6,196.9,0.0
A108,12/03/2018,16,28.1,28.7,27.7,77,83,68,23.7,24.7,22.2,989.0,989.3,989.0,0.6,236,1.9,1167.,0.0
A108,12/03/2018,05,23.1,23.4,23.0,95,95,93,22.3,22.4,22.1,987.2,987.9,987.2,0.0,236,0.0,-2.15,0.0
A108,12/03/2018,09,22.6,22.8,22.3,96,96,96,22.0,22.2,21.7,985.3,985.4,985.2,0.0,236,0.4,-2.19,0.0
A108,12/03/2018,02,23.5,24.0,23.4,92,93,91,22.2,22.6,22.2,987.2,987.2,986.6,0.0,236,1.5,-3.07,0.0
A108,12/03/2018,03,23.6,23.9,23.2,93,94,92,22.3,22.7,22.1,987.5,987.6,987.2,0.0,236,0.0,-2.39,0.0
A108,12/03/2018,01,23.7,24.7,23.5,92,92,84,22.2,22.3,21.8,986.6,986.6,985.5,0.6,236,2.0,-3.47,0.0
A108,12/03/2018,00,24.5,25.7,24.5,84,84,78,21.7,21.9,21.6,985.5,985.5,984.6,0.5,236,2.5,-2.95,0.0
A108,12/03/2018,23,23.2,23.3,22.9,96,96,95,22.5,22.6,22.3,984.1,984.3,984.0,0.3,236,7.5,16.99,12.8
A108,12/03/2018,04,23.3,23.6,23.2,94,94,93,22.3,22.6,22.1,987.9,988.0,987.5,0.0,236,0.0,-3.03,0.0
A108,12/03/2018,10,22.5,22.7,22.5,96,96,96,21.9,22.1,21.9,985.8,985.8,985.3,0.0,236,0.0,-3.16,0.0
A108,12/03/2018,21,26.7,29.3,26.6,85,89,74,23.9,24.7,23.4,982.8,983.1,982.5,1.5,236,6.0,517.9,2.8
A108,12/03/2018,22,23.1,26.7,23.1,95,95,84,22.3,24.6,22.1,984.0,984.1,982.5,2.9,236,9.3,210.6,6.6
A108,12/03/2018,07,22.8,23.1,22.8,96,96,95,22.1,22.3,22.0,985.5,986.2,985.5,0.0,236,1.4,-2.28,0.0
A108,12/03/2018,11,22.7,22.8,22.5,96,96,96,22.1,22.2,21.9,986.6,986.6,985.8,0.0,236,0.0,-1.10,0.0
A108,12/03/2018,12,23.2,23.2,22.7,96,96,96,22.6,22.6,22.2,987.9,987.9,986.6,0.0,236,0.0,36.89,0.0
A108,12/03/2018,13,24.0,24.0,23.2,96,96,96,23.4,23.4,22.6,988.7,988.7,987.9,0.0,236,0.8,157.1,0.0
A108,12/03/2018,14,26.6,26.6,24.0,84,96,82,23.6,23.9,23.2,989.2,989.2,988.7,0.0,236,1.2,813.9,0.0
A108,12/03/2018,15,28.2,28.3,26.5,77,84,74,23.7,24.2,23.1,989.2,989.3,989.1,0.8,236,2.6,1365.,0.0
A108,12/03/2018,06,23.1,23.3,22.9,95,95,95,22.2,22.5,22.0,986.2,987.2,986.2,0.0,236,0.0,-3.22,0.0
A108,12/03/2018,17,30.8,31.1,28.1,66,79,66,23.7,25.0,22.7,987.8,989.0,987.8,1.1,236,3.3,2107.,0.0
A108,12/03/2018,18,31.7,32.3,30.1,60,70,59,23.0,24.6,22.3,985.7,987.8,985.7,0.8,236,3.5,3196.,0.0
A108,12/03/2018,08,22.5,22.8,22.5,96,96,96,21.8,22.1,21.8,985.4,985.5,985.4,0.0,236,0.0,-3.26,0.0
A108,12/03/2018,19,30.5,32.2,30.4,65,66,59,23.1,24.4,22.1,984.2,985.7,984.2,1.9,236,4.6,2023.,0.0
A108,12/03/2018,20,29.2,30.5,29.1,74,75,63,24.1,24.5,22.7,983.1,984.2,983.1,2.7,236,6.3,933.4,0.0
A108,13/03/2018,17,32.5,32.5,30.8,68,71,60,25.8,25.8,23.1,986.7,987.5,986.7,1.9,236,5.8,3431.,0.0
A108,13/03/2018,12,23.9,23.9,23.3,96,96,96,23.3,23.3,22.7,986.9,986.9,986.0,0.7,236,1.5,101.6,0.0
A108,13/03/2018,05,23.3,23.3,23.1,96,96,96,22.6,22.7,22.4,986.3,987.1,986.3,0.0,236,1.1,-1.55,0.0
A108,13/03/2018,19,32.3,32.9,31.3,57,66,55,22.7,24.7,22.3,983.3,985.1,983.3,2.1,236,4.3,2176.,0.0
A108,13/03/2018,13,24.7,24.7,23.9,93,96,93,23.5,23.7,23.3,987.7,987.7,986.9,1.8,236,2.7,374.9,0.0
A108,13/03/2018,18,31.5,33.4,31.3,64,67,56,24.0,25.1,22.5,985.1,986.7,985.1,1.9,236,5.8,2042.,0.0
A108,13/03/2018,14,27.9,27.9,24.7,82,93,80,24.5,24.7,23.5,988.1,988.1,987.7,0.5,236,2.8,1247.,0.0
A108,13/03/2018,03,23.4,23.6,23.4,96,96,96,22.7,22.9,22.7,987.1,987.2,986.3,0.3,236,1.9,-1.82,0.0
A108,13/03/2018,02,23.5,23.5,23.3,96,96,96,22.8,22.9,22.6,986.3,986.3,985.3,0.0,236,0.5,-1.42,0.0
A108,13/03/2018,04,23.1,23.4,23.1,96,96,96,22.4,22.7,22.4,987.1,987.4,987.1,0.2,236,1.9,-1.64,0.0
A108,13/03/2018,20,31.9,32.9,31.1,60,64,56,23.2,24.3,22.5,982.6,983.3,982.6,1.6,236,6.7,1702.,0.0
A108,13/03/2018,00,23.4,23.7,23.2,96,96,96,22.7,23.0,22.5,984.2,984.3,984.0,0.1,236,1.9,-0.37,0.0
A108,13/03/2018,21,29.0,32.9,29.0,74,74,54,24.0,24.4,22.2,982.4,982.7,982.4,1.7,236,4.2,1306.,0.0
A108,13/03/2018,15,29.2,29.5,27.9,79,82,74,25.1,25.6,23.6,988.1,988.2,988.0,0.7,236,2.6,2122.,0.0
A108,13/03/2018,22,28.7,29.0,27.3,87,91,74,26.2,26.4,23.7,982.9,982.9,982.3,0.4,236,4.1,511.1,3.6
A108,13/03/2018,23,27.2,28.8,27.1,87,88,81,24.9,26.1,24.9,983.6,983.7,982.8,0.9,236,2.6,147.1,0.0
A108,13/03/2018,06,23.2,23.3,23.1,96,96,96,22.5,22.7,22.5,985.8,986.3,985.7,0.5,236,1.5,-2.29,0.0
A108,13/03/2018,09,23.1,23.4,23.1,96,96,96,22.5,22.7,22.4,984.8,984.9,984.7,0.4,236,1.1,-1.96,0.0
A108,13/03/2018,07,23.4,23.4,23.1,96,96,96,22.8,22.8,22.5,985.1,985.8,985.1,0.0,236,1.3,-1.40,0.0
A108,13/03/2018,10,23.2,23.3,23.1,96,96,96,22.6,22.7,22.5,985.5,985.5,984.8,0.2,236,1.4,-1.51,0.2
A108,13/03/2018,01,23.3,23.5,23.2,96,96,96,22.7,22.8,22.5,985.3,985.3,984.2,0.0,236,1.1,-2.35,0.0
A108,13/03/2018,16,31.4,31.7,29.2,69,79,64,25.0,25.3,23.1,987.5,988.1,987.5,1.7,236,3.8,3282.,0.0
A108,13/03/2018,11,23.3,23.4,23.1,96,96,96,22.7,22.8,22.5,986.0,986.0,985.4,0.3,236,1.1,-0.41,0.0
A108,13/03/2018,08,23.3,23.4,23.1,96,96,96,22.6,22.8,22.5,984.9,985.1,984.9,0.0,236,0.9,-1.97,0.0
A108,14/03/2018,10,23.3,23.4,23.3,95,95,95,22.5,22.6,22.5,985.8,985.8,985.1,0.0,236,1.6,-1.75,0.0
A108,14/03/2018,09,23.4,23.5,23.4,95,95,94,22.6,22.6,22.5,985.2,985.3,985.0,0.4,236,2.2,-1.79,0.0
A108,14/03/2018,23,25.7,25.7,25.6,91,92,90,24.2,24.4,24.0,984.7,984.7,983.9,1.5,236,3.9,35.32,0.2
A108,14/03/2018,06,23.8,23.9,23.7,92,94,92,22.5,22.7,22.5,985.3,986.0,985.3,0.1,236,2.7,-2.13,0.0
A108,14/03/2018,00,25.2,27.4,25.2,85,87,81,22.5,24.9,22.3,984.8,984.9,983.4,1.7,236,6.2,3.209,0.0
A108,14/03/2018,20,30.7,33.7,30.7,63,66,53,22.8,24.3,22.4,982.7,983.4,982.7,2.4,236,6.4,1845.,0.0
A108,14/03/2018,08,23.5,23.7,23.5,94,94,94,22.6,22.7,22.5,985.0,985.4,984.9,0.2,236,2.3,-1.32,0.0
A108,14/03/2018,21,27.9,33.3,27.9,75,75,58,23.1,25.1,22.2,982.8,982.8,982.3,4.2,236,8.3,1411.,0.0
A108,14/03/2018,22,25.6,27.9,25.5,90,90,76,23.9,23.9,22.9,984.1,984.1,982.8,0.5,236,8.8,166.1,1.4
A108,14/03/2018,11,23.2,23.4,23.2,96,96,95,22.5,22.6,22.5,986.7,986.7,985.8,0.0,236,0.0,0.007,0.0
A108,14/03/2018,13,25.2,25.2,24.2,90,94,90,23.4,23.4,23.0,988.4,988.4,987.7,0.0,236,1.7,375.1,0.0
A108,14/03/2018,07,23.6,23.9,23.6,94,94,92,22.6,22.6,22.5,985.4,985.4,985.2,0.8,236,2.7,-2.48,0.0
A108,14/03/2018,01,24.4,25.2,24.4,88,88,84,22.3,22.4,22.1,984.9,985.0,984.6,0.8,236,4.6,-2.35,0.0
A108,14/03/2018,02,24.1,24.4,24.0,91,91,88,22.5,22.5,22.3,986.1,986.1,984.9,0.5,236,2.8,-2.99,0.0
A108,14/03/2018,14,26.4,26.4,25.2,83,90,83,23.3,23.8,23.1,989.0,989.0,988.4,1.6,236,3.0,759.9,0.0
A108,14/03/2018,05,23.7,23.9,23.6,94,94,93,22.6,22.7,22.5,986.0,987.0,986.0,0.9,236,2.7,-1.43,0.0
A108,14/03/2018,03,23.9,24.1,23.8,92,92,90,22.5,22.5,22.4,987.1,987.1,986.1,1.1,236,3.1,-2.78,0.0
A108,14/03/2018,04,23.8,23.9,23.6,94,94,92,22.7,22.7,22.4,986.8,987.2,986.8,0.0,236,2.8,-2.78,0.0
A108,14/03/2018,16,30.1,30.4,27.7,66,77,64,23.0,24.5,22.6,988.5,989.2,988.5,1.3,236,3.8,2104.,0.0
A108,14/03/2018,15,28.0,28.3,26.4,76,84,74,23.3,24.5,23.0,989.2,989.3,989.0,1.2,236,2.8,1303.,0.0
A108,14/03/2018,12,24.2,24.2,23.2,94,96,94,23.3,23.3,22.5,987.7,987.7,986.7,0.3,236,1.0,151.6,0.0
A108,14/03/2018,18,32.7,33.7,31.8,57,63,52,23.1,24.6,21.4,985.6,987.4,985.6,1.6,236,4.9,2801.,0.0
A108,14/03/2018,17,32.5,32.6,30.1,59,69,55,23.5,24.4,22.4,987.4,988.5,987.4,1.5,236,4.2,3419.,0.2
A108,14/03/2018,19,33.5,33.9,31.0,54,64,52,22.8,24.4,21.5,983.4,985.6,983.4,1.9,236,4.8,2568.,0.0
A108,15/03/2018,17,29.9,31.2,29.1,68,73,64,23.3,24.6,22.9,987.6,988.3,987.6,1.1,236,3.2,1825.,0.0
A108,15/03/2018,23,27.2,28.9,27.2,78,78,69,23.0,23.6,22.4,984.0,984.0,983.4,1.3,236,4.8,182.0,0.0
A108,15/03/2018,00,25.2,25.7,25.2,92,93,90,23.8,24.2,23.8,984.9,985.1,984.7,1.2,236,3.6,-1.62,0.0
A108,15/03/2018,01,24.9,25.3,24.9,93,93,91,23.8,23.9,23.6,985.9,985.9,984.9,0.6,236,2.9,-2.49,0.0
A108,15/03/2018,02,24.9,25.0,24.9,94,94,93,23.8,23.9,23.7,986.9,986.9,985.9,0.6,236,1.8,-2.75,0.0
A108,15/03/2018,03,24.9,25.0,24.8,94,94,93,23.7,23.9,23.7,987.5,987.5,986.9,0.8,236,2.4,-1.83,0.0
A108,15/03/2018,04,24.4,24.9,24.4,94,94,93,23.5,23.8,23.5,987.9,987.9,987.5,0.3,236,2.0,-2.48,0.0
A108,15/03/2018,05,24.3,24.5,24.2,95,95,94,23.5,23.5,23.4,987.3,987.9,987.3,0.2,236,1.1,-1.48,0.0
A108,15/03/2018,06,24.3,24.4,24.3,95,95,95,23.4,23.6,23.4,986.2,987.3,986.2,0.6,236,2.5,-1.28,0.0
A108,15/03/2018,07,23.8,24.3,23.8,95,95,95,23.0,23.4,23.0,986.0,986.2,986.0,0.1,236,1.4,-2.48,0.0
A108,15/03/2018,08,24.0,24.0,23.8,96,96,95,23.3,23.3,23.0,985.9,986.2,985.9,0.7,236,3.0,-2.07,0.0
A108,15/03/2018,09,24.0,24.1,23.9,95,96,95,23.2,23.4,23.2,985.6,985.9,985.5,0.7,236,1.9,-2.20,0.0
A108,15/03/2018,10,23.9,24.0,23.9,96,96,95,23.2,23.2,23.1,985.7,985.7,985.4,1.2,236,3.3,-2.59,0.0
A108,15/03/2018,11,23.8,23.9,23.8,96,96,96,23.1,23.2,23.0,986.4,986.4,985.7,0.5,236,3.3,1.799,0.0
A108,15/03/2018,12,24.1,24.1,23.8,96,96,96,23.4,23.4,23.2,987.1,987.1,986.4,2.2,236,3.9,141.1,0.0
A108,15/03/2018,13,24.9,24.9,24.0,93,96,92,23.6,23.7,23.3,988.5,988.5,987.1,0.5,236,4.2,278.0,0.0
A108,15/03/2018,14,26.8,27.5,24.9,81,92,77,23.2,23.9,22.6,988.9,988.9,988.4,0.9,236,2.8,1459.,0.0
A108,15/03/2018,15,27.8,28.3,26.8,78,84,76,23.6,24.7,23.2,989.0,989.0,988.9,1.2,236,3.3,1702.,0.0
A108,15/03/2018,16,29.1,29.8,27.7,72,80,67,23.5,24.9,22.9,988.3,989.0,988.3,1.2,236,3.6,2340.,0.2
A108,15/03/2018,18,29.8,30.9,29.6,73,75,65,24.4,24.7,22.9,986.0,987.6,986.0,0.2,236,3.3,1606.,0.0
A108,15/03/2018,19,32.6,33.0,29.7,58,73,56,23.1,25.1,22.4,984.0,986.0,984.0,1.2,236,3.5,2952.,0.0
A108,15/03/2018,20,32.9,33.5,32.1,57,63,53,23.4,24.6,22.0,982.7,984.0,982.7,1.0,236,4.2,2813.,0.0
A108,15/03/2018,21,30.3,33.0,30.3,70,70,53,24.2,24.5,21.8,982.8,982.8,982.6,2.1,236,6.4,1830.,0.0
A108,15/03/2018,22,28.9,30.2,28.9,71,72,67,23.0,24.1,22.5,983.4,983.4,982.8,1.7,236,4.9,668.1,0.0
A108,16/03/2018,11,23.3,23.4,23.2,96,96,96,22.6,22.7,22.5,986.4,986.4,985.8,0.0,236,1.0,0.121,0.0
A108,16/03/2018,04,24.9,25.2,24.9,90,91,89,23.1,23.3,23.1,986.4,986.8,986.4,0.0,236,2.9,-3.17,0.0
A108,16/03/2018,16,29.7,30.4,28.7,72,76,67,24.2,24.4,22.9,989.1,989.3,989.1,2.3,236,4.6,2250.,0.0
A108,16/03/2018,20,28.7,28.8,27.7,76,81,74,23.9,24.7,23.6,983.7,984.0,983.7,0.2,236,5.1,570.0,0.0
A108,16/03/2018,12,23.8,23.8,23.4,96,96,96,23.0,23.0,22.7,987.4,987.4,986.4,0.1,236,1.5,77.58,0.0
A108,16/03/2018,13,25.5,25.5,23.8,89,96,89,23.5,23.6,23.0,988.6,988.6,987.5,1.0,236,2.2,506.5,0.0
A108,16/03/2018,14,26.7,26.8,25.5,83,90,80,23.6,24.6,22.7,989.4,989.4,988.6,1.6,236,4.8,1136.,0.0
A108,16/03/2018,07,23.6,24.1,23.6,95,95,94,22.7,23.1,22.6,985.2,985.6,985.2,0.5,236,2.3,-3.31,0.0
A108,16/03/2018,15,29.2,29.2,26.7,71,84,70,23.4,24.3,22.9,989.2,989.4,989.2,1.5,236,4.4,1788.,0.0
A108,16/03/2018,19,28.1,28.8,26.8,81,90,76,24.5,25.3,23.7,984.0,986.3,984.0,1.9,236,5.1,1222.,0.0
A108,16/03/2018,23,25.2,28.0,25.2,91,92,78,23.7,25.0,23.1,984.2,984.2,983.4,0.5,236,5.4,168.6,0.2
A108,16/03/2018,05,24.4,24.9,24.4,93,93,90,23.2,23.3,23.0,986.1,986.4,986.0,0.0,236,1.8,-3.12,0.0
A108,16/03/2018,06,24.1,24.4,24.1,94,94,93,23.1,23.2,23.1,985.6,986.1,985.6,0.9,236,2.5,-2.92,0.0
A108,16/03/2018,08,23.3,23.7,23.3,95,95,95,22.5,22.8,22.5,985.1,985.3,985.0,0.3,236,1.8,-3.44,0.0
A108,16/03/2018,18,27.1,30.6,27.1,88,89,64,25.0,25.1,22.8,986.3,988.0,986.3,1.1,236,5.8,841.9,1.0
A108,16/03/2018,01,26.0,26.4,25.9,87,87,84,23.6,23.6,23.4,985.9,985.9,985.3,1.5,236,4.5,-3.50,0.0
A108,16/03/2018,09,23.0,23.3,22.9,96,96,95,22.4,22.4,22.2,985.2,985.2,984.8,0.2,236,1.2,-3.43,0.0
A108,16/03/2018,03,25.2,25.5,25.1,89,92,89,23.3,23.9,23.3,986.7,986.9,986.5,1.3,236,4.2,-3.45,0.0
A108,16/03/2018,00,26.4,27.1,26.3,84,85,78,23.5,23.6,23.0,985.3,985.3,984.0,1.4,236,3.2,-3.24,0.0
A108,16/03/2018,22,28.1,28.1,25.6,79,88,76,24.1,24.4,22.5,983.4,983.4,983.1,0.0,236,5.1,725.4,0.2
A108,16/03/2018,10,23.2,23.2,22.9,96,96,96,22.5,22.6,22.2,985.8,985.8,985.2,0.0,236,1.5,-1.58,0.0
A108,16/03/2018,17,30.5,31.5,29.6,66,72,62,23.5,24.5,23.0,988.0,989.1,988.0,1.2,236,4.6,2568.,0.0
A108,16/03/2018,21,25.9,30.1,25.9,87,87,70,23.5,24.9,22.8,983.1,983.7,982.8,2.1,236,7.6,898.8,0.2
A108,16/03/2018,02,25.5,26.0,25.4,91,91,87,23.9,23.9,23.5,986.5,986.5,985.9,1.3,236,3.8,-3.49,0.0
A108,17/03/2018,22,23.5,23.5,23.0,95,96,95,22.6,22.7,22.2,982.0,982.6,982.0,0.5,236,2.1,66.45,0.2
A108,17/03/2018,03,24.2,24.6,23.9,95,95,94,23.4,23.7,23.0,987.3,987.3,986.7,0.3,236,1.3,-2.55,0.0
A108,17/03/2018,01,24.5,24.6,24.2,95,95,94,23.7,23.7,23.3,985.4,985.4,985.1,0.0,236,1.6,-2.69,0.0
A108,17/03/2018,23,23.1,23.5,23.1,95,95,94,22.2,22.6,22.2,982.5,982.6,982.0,1.1,236,3.6,45.06,0.2
A108,17/03/2018,04,24.0,24.3,23.9,96,96,95,23.3,23.5,23.1,987.1,987.4,987.1,0.2,236,1.7,-2.61,0.0
A108,17/03/2018,00,24.4,25.2,24.4,94,94,91,23.4,23.7,23.4,985.1,985.1,984.2,0.7,236,2.2,-3.50,0.0
A108,17/03/2018,05,24.0,24.1,24.0,96,96,96,23.3,23.3,23.2,986.8,987.2,986.8,0.8,236,1.8,-2.20,0.0
A108,17/03/2018,06,23.7,24.0,23.7,95,96,95,22.9,23.3,22.9,986.0,986.8,986.0,1.5,236,2.8,-2.54,0.0
A108,17/03/2018,07,23.3,23.7,23.3,94,95,93,22.3,22.9,22.2,985.8,986.1,985.8,0.6,236,3.6,-2.59,0.0
A108,17/03/2018,08,23.2,23.3,23.1,95,95,94,22.3,22.4,22.2,985.6,985.8,985.6,0.0,236,2.1,-2.57,0.0
A108,17/03/2018,09,23.0,23.2,22.9,96,96,95,22.3,22.4,22.1,985.4,985.6,985.3,0.0,236,1.0,-2.37,0.0
A108,17/03/2018,10,23.3,23.4,23.0,95,96,95,22.5,22.6,22.3,986.0,986.0,985.4,0.7,236,2.0,-2.62,0.0
A108,17/03/2018,02,24.2,24.7,24.1,95,95,94,23.2,23.8,23.1,986.7,986.7,985.4,0.1,236,1.7,-2.82,0.0
A108,17/03/2018,11,23.2,23.3,23.2,95,95,95,22.4,22.5,22.4,986.6,986.6,986.0,0.8,236,1.7,-0.72,0.0
A108,17/03/2018,12,23.6,23.6,23.2,95,95,95,22.9,22.9,22.4,987.8,987.8,986.6,0.1,236,2.3,102.9,0.0
A108,17/03/2018,13,24.6,24.6,23.6,92,95,92,23.2,23.2,22.8,988.7,988.7,987.8,1.5,236,2.4,412.4,0.0
A108,17/03/2018,14,25.7,25.8,24.6,87,92,86,23.4,23.6,23.0,989.2,989.2,988.7,1.4,236,3.0,887.6,0.0
A108,17/03/2018,15,28.0,28.2,25.7,78,88,78,23.7,24.8,23.2,988.9,989.2,988.9,0.3,236,3.0,1319.,0.0
A108,17/03/2018,16,29.6,30.6,27.2,72,82,68,24.2,25.4,23.1,988.2,988.9,988.2,1.5,236,3.5,2590.,0.0
A108,17/03/2018,17,31.4,32.1,29.5,64,75,62,23.8,26.0,23.0,987.0,988.2,987.0,1.4,236,4.1,3299.,0.2
A108,17/03/2018,18,31.6,32.5,30.6,66,70,59,24.5,25.1,22.5,985.4,987.0,985.4,1.5,236,4.0,2628.,0.0
A108,17/03/2018,19,31.0,33.2,29.6,67,73,59,24.0,25.7,22.9,983.7,985.4,983.7,1.6,236,4.0,1561.,0.0
A108,17/03/2018,20,22.2,31.7,22.2,95,95,61,21.4,25.0,20.8,984.2,984.6,983.3,2.4,236,14.1,1046.,9.0
A108,17/03/2018,21,23.2,23.2,22.2,96,96,95,22.5,22.5,21.5,982.6,984.2,982.6,1.1,236,6.5,77.43,10.2
A108,18/03/2018,22,27.0,28.3,27.0,74,74,67,22.1,22.7,21.3,981.4,981.5,981.2,0.2,236,2.0,975.6,0.0
A108,18/03/2018,09,22.5,22.5,22.2,97,97,97,21.9,22.0,21.6,984.2,984.8,984.2,0.5,236,5.9,-0.07,0.0
A108,18/03/2018,20,27.7,27.7,26.0,72,81,72,22.1,22.7,21.6,982.9,984.5,982.9,1.1,236,3.5,1389.,0.0
A108,18/03/2018,06,22.4,22.4,22.1,97,97,96,21.8,21.8,21.6,984.9,985.5,984.9,1.1,236,2.4,-2.71,0.4
A108,18/03/2018,13,25.7,25.8,23.6,85,95,83,22.9,23.0,22.2,987.4,987.4,986.5,1.4,236,2.8,903.0,0.0
A108,18/03/2018,17,28.3,28.4,27.0,70,79,69,22.3,23.3,21.9,987.3,987.9,987.3,3.1,236,7.1,1698.,0.0
A108,18/03/2018,18,26.3,28.5,26.3,75,77,68,21.6,22.6,21.4,985.9,987.3,985.9,2.7,236,8.8,1631.,0.0
A108,18/03/2018,07,22.2,22.4,22.2,97,97,96,21.7,21.8,21.6,984.5,984.9,984.4,0.6,236,1.8,-1.93,0.0
A108,18/03/2018,12,23.6,23.7,22.4,95,96,95,22.8,22.8,21.8,986.5,986.5,985.5,0.7,236,2.8,267.7,0.0
A108,18/03/2018,03,22.9,23.2,22.9,95,95,95,22.1,22.3,22.1,985.6,985.6,985.3,0.9,236,2.7,-3.16,0.0
A108,18/03/2018,02,23.2,23.4,23.2,95,95,95,22.3,22.5,22.3,985.3,985.3,984.2,1.6,236,3.1,-3.25,0.0
A108,18/03/2018,19,26.1,26.4,25.7,80,82,75,22.4,22.5,21.5,984.5,985.9,984.5,1.0,236,5.5,791.8,0.0
A108,18/03/2018,23,26.0,27.3,26.0,79,79,72,22.0,22.3,21.3,981.9,981.9,981.4,0.9,236,3.0,192.0,0.0
A108,18/03/2018,08,22.2,22.3,22.2,97,97,97,21.7,21.7,21.6,984.3,984.5,984.2,0.0,236,1.5,-1.10,0.0
A108,18/03/2018,01,23.3,23.4,23.0,94,95,94,22.4,22.5,22.2,984.2,984.2,983.4,1.2,236,2.4,-2.87,0.0
A108,18/03/2018,04,22.4,22.9,22.4,96,96,95,21.7,22.1,21.7,985.7,985.9,985.5,0.1,236,1.7,-2.84,0.0
A108,18/03/2018,15,27.4,27.4,25.9,81,84,79,23.8,23.8,22.5,988.1,988.1,987.8,1.5,236,5.0,1283.,0.0
A108,18/03/2018,10,22.5,22.5,22.4,96,97,96,21.9,22.0,21.8,984.9,984.9,984.2,1.0,236,2.6,-1.87,0.0
A108,18/03/2018,00,23.0,23.2,22.9,95,95,94,22.2,22.3,22.0,983.4,983.4,982.5,0.1,236,2.3,-1.49,0.0
A108,18/03/2018,14,26.5,27.0,25.1,80,85,79,22.8,23.7,22.0,987.8,987.8,987.4,1.7,236,4.8,1434.,0.0
A108,18/03/2018,05,22.1,22.4,22.1,96,96,96,21.5,21.8,21.4,985.5,985.7,985.5,1.1,236,2.4,-3.27,0.0
A108,18/03/2018,11,22.5,22.5,22.4,96,96,96,21.8,21.9,21.8,985.5,985.5,984.8,0.4,236,2.7,0.133,0.0
A108,18/03/2018,16,27.2,28.5,27.1,76,81,72,22.7,24.1,22.5,987.9,988.2,987.9,2.6,236,6.7,1936.,0.0
A108,18/03/2018,21,27.4,28.3,27.2,72,76,69,22.0,23.0,21.3,981.5,982.9,981.5,0.4,236,3.9,1920.,0.0
A108,19/03/2018,08,21.9,22.2,21.8,96,96,96,21.2,21.5,21.2,984.2,984.3,984.1,0.5,236,1.6,-3.52,0.0
A108,19/03/2018,23,24.4,25.8,24.4,94,94,89,23.4,23.8,23.3,981.2,981.2,980.3,1.6,236,3.0,114.3,0.0
A108,19/03/2018,00,25.1,26.0,24.8,83,85,79,22.0,22.1,22.0,982.4,982.5,981.9,1.1,236,2.0,-3.33,0.0
A108,19/03/2018,01,24.4,25.1,24.4,86,86,83,22.0,22.1,21.9,983.3,983.3,982.3,0.2,236,2.1,-3.54,0.0
A108,19/03/2018,02,23.0,24.4,23.0,93,93,86,21.8,22.1,21.7,984.5,984.5,983.3,0.0,236,0.9,-3.54,0.0
A108,19/03/2018,03,23.0,23.2,22.8,93,94,93,21.8,22.0,21.7,985.1,985.1,984.5,0.7,236,1.8,-3.50,0.0
A108,19/03/2018,04,22.6,22.9,22.5,94,95,93,21.6,21.9,21.6,985.1,985.2,985.1,1.1,236,1.9,-3.47,0.0
A108,19/03/2018,05,22.3,22.7,22.3,95,95,94,21.5,21.8,21.5,984.9,985.1,984.9,0.4,236,1.8,-3.48,0.0
A108,19/03/2018,06,22.3,22.5,22.2,96,96,95,21.6,21.7,21.5,984.4,984.9,984.4,0.7,236,1.5,-3.05,0.0
A108,19/03/2018,07,22.0,22.3,22.0,96,96,96,21.4,21.6,21.3,984.1,984.4,984.1,0.5,236,1.8,-3.45,0.0
A108,19/03/2018,09,21.9,21.9,21.6,96,96,96,21.3,21.3,21.0,984.2,984.2,984.0,0.0,236,1.2,-3.11,0.0
A108,19/03/2018,10,21.7,21.9,21.5,97,97,96,21.2,21.3,20.9,984.5,984.5,984.1,0.0,236,0.6,-2.79,0.0
A108,19/03/2018,11,21.6,21.9,21.5,97,97,97,21.0,21.4,21.0,984.7,984.7,984.3,0.8,236,2.0,-1.40,0.0
A108,19/03/2018,12,23.3,23.3,21.6,92,97,92,22.0,22.2,21.0,985.6,985.6,984.7,2.0,236,3.4,324.6,0.0
A108,19/03/2018,13,26.3,26.5,23.3,79,92,78,22.3,23.3,21.8,985.9,985.9,985.6,1.3,236,3.4,1166.,0.0
A108,19/03/2018,14,28.0,28.3,26.2,76,80,74,23.4,23.7,22.2,986.2,986.3,985.9,1.1,236,3.1,1687.,0.0
A108,19/03/2018,15,30.8,30.8,27.8,66,78,64,23.7,24.3,22.2,986.3,986.3,986.2,1.6,236,3.9,2515.,0.0
A108,19/03/2018,16,32.8,32.8,29.4,59,72,57,23.6,24.8,22.6,986.1,986.3,986.1,1.4,236,3.9,2835.,0.0
A108,19/03/2018,17,32.8,33.2,30.5,53,65,52,21.9,24.3,21.8,985.2,986.1,985.2,1.4,236,3.8,2969.,0.0
A108,19/03/2018,18,33.4,33.7,31.6,51,62,50,22.0,24.0,20.9,983.9,985.2,983.9,0.9,236,4.2,3109.,0.0
A108,19/03/2018,19,33.4,34.4,32.6,49,56,46,21.3,23.2,20.5,982.5,983.9,982.5,0.8,236,3.4,3234.,0.0
A108,19/03/2018,20,32.7,34.0,31.6,53,62,49,21.9,23.6,20.8,980.9,982.5,980.9,2.1,236,3.8,1955.,0.0
A108,19/03/2018,21,24.2,32.8,23.0,95,95,53,23.4,23.4,21.6,980.9,981.7,980.6,1.2,236,10.8,568.0,18.8
A108,19/03/2018,22,25.8,26.0,24.2,90,95,89,24.0,24.6,23.3,980.3,980.9,980.2,0.6,236,3.0,471.4,0.0
A108,20/03/2018,02,23.2,23.4,23.1,94,94,93,22.2,22.3,22.0,983.6,983.6,982.6,0.3,236,2.2,-2.77,0.0
A108,20/03/2018,22,26.7,27.2,25.0,78,89,75,22.5,23.2,22.1,982.4,982.5,982.2,0.2,236,1.6,830.2,0.0
A108,20/03/2018,09,23.3,23.4,23.3,94,94,94,22.3,22.4,22.2,984.1,984.2,984.1,1.8,236,4.4,-1.19,0.0
A108,20/03/2018,07,23.4,23.4,23.3,94,95,94,22.4,22.5,22.3,984.2,984.3,984.1,0.2,236,3.1,-1.79,0.0
A108,20/03/2018,10,23.2,23.4,23.1,95,95,94,22.3,22.3,22.2,984.3,984.3,984.0,1.1,236,3.6,-1.85,0.0
A108,20/03/2018,03,23.3,23.4,23.1,94,95,94,22.3,22.4,22.2,984.3,984.3,983.6,0.3,236,1.9,-2.17,0.0
A108,20/03/2018,06,23.3,23.5,23.3,95,95,95,22.4,22.7,22.4,984.2,984.7,984.2,1.6,236,3.1,-2.93,0.0
A108,20/03/2018,01,23.3,24.1,23.3,94,94,92,22.2,22.7,22.2,982.6,982.6,981.9,0.8,236,3.8,-3.24,0.0
A108,20/03/2018,04,23.3,23.5,23.1,95,95,94,22.5,22.7,22.2,985.0,985.1,984.3,0.0,236,1.2,-1.94,0.0
A108,20/03/2018,23,24.8,26.7,24.7,90,90,78,23.0,23.3,22.4,983.3,983.3,982.4,0.0,236,1.4,144.4,0.0
A108,20/03/2018,00,24.1,24.6,24.1,92,95,92,22.8,23.6,22.8,982.0,982.0,981.2,1.3,236,6.2,-1.68,0.0
A108,20/03/2018,11,22.9,23.2,22.9,95,95,95,22.1,22.3,22.1,984.2,984.3,984.1,0.6,236,2.0,-1.20,0.0
A108,20/03/2018,08,23.4,23.5,23.3,94,94,93,22.3,22.5,22.3,984.2,984.3,984.1,1.4,236,3.6,-2.42,0.0
A108,20/03/2018,12,23.4,23.4,22.9,95,96,95,22.6,22.6,22.1,985.4,985.4,984.2,0.5,236,2.5,114.3,0.0
A108,20/03/2018,13,24.0,24.0,23.3,93,95,92,22.8,22.8,22.5,986.8,986.8,985.4,1.0,236,2.8,339.5,0.0
A108,20/03/2018,14,25.6,25.7,24.0,84,93,84,22.8,23.6,22.5,987.5,987.5,986.8,0.5,236,2.8,781.3,0.0
A108,20/03/2018,15,27.2,27.2,25.3,80,87,77,23.5,23.5,22.3,988.0,988.1,987.5,1.1,236,2.7,1107.,0.0
A108,20/03/2018,16,27.4,27.6,27.0,78,80,74,23.2,23.6,22.4,987.6,988.1,987.6,1.6,236,3.5,1551.,0.0
A108,20/03/2018,17,28.0,28.1,27.4,78,79,75,23.7,23.9,22.8,986.9,987.7,986.9,1.5,236,4.1,1299.,0.0
A108,20/03/2018,18,28.3,28.3,27.6,75,78,74,23.5,23.8,22.9,985.7,986.9,985.7,1.8,236,3.5,1243.,0.0
A108,20/03/2018,19,28.6,28.8,28.0,75,77,72,23.7,23.9,23.1,984.2,985.7,984.2,1.9,236,4.6,1681.,0.0
A108,20/03/2018,20,25.6,28.6,25.6,81,83,73,22.1,23.8,21.9,983.3,984.2,983.2,0.7,236,4.2,708.4,0.0
A108,20/03/2018,05,23.4,23.5,23.3,95,95,95,22.5,22.7,22.4,984.6,985.0,984.5,0.1,236,1.4,-3.06,0.0
A108,20/03/2018,21,25.0,25.6,24.4,86,90,81,22.5,22.8,21.6,982.5,983.4,982.5,0.2,236,4.5,226.8,0.0
A108,21/03/2018,09,23.5,23.7,23.5,96,96,96,22.8,23.0,22.8,985.6,985.7,985.5,0.3,236,1.8,-3.01,0.0
A108,21/03/2018,20,31.1,31.4,29.6,65,69,60,23.7,23.9,21.9,984.2,985.5,984.2,0.9,236,4.9,2624.,0.0
A108,21/03/2018,14,25.5,25.7,25.0,88,93,87,23.4,24.0,23.2,989.0,989.0,988.3,1.6,236,3.1,587.0,0.0
A108,21/03/2018,12,24.2,24.2,23.5,96,96,96,23.5,23.6,22.8,987.5,987.5,986.4,0.2,236,1.7,168.5,0.0
A108,21/03/2018,04,23.4,23.9,23.4,94,95,94,22.5,22.9,22.5,987.1,987.1,986.5,0.0,236,1.1,-1.54,0.0
A108,21/03/2018,15,26.6,26.7,25.4,84,89,83,23.6,24.2,23.0,989.0,989.0,988.9,1.3,236,3.2,918.2,0.0
A108,21/03/2018,19,30.4,31.5,30.0,68,68,57,23.9,24.6,21.6,985.5,986.7,985.5,2.0,236,4.9,2450.,0.0
A108,21/03/2018,16,27.6,28.3,26.3,81,85,75,24.0,24.5,22.9,988.8,989.0,988.8,1.3,236,3.1,1274.,0.0
A108,21/03/2018,10,23.5,23.6,23.4,96,96,96,22.8,22.9,22.7,985.9,985.9,985.5,0.1,236,2.2,-2.86,0.0
A108,21/03/2018,17,29.2,30.2,27.6,70,81,66,23.2,24.3,22.4,988.0,988.8,988.0,1.2,236,3.8,2431.,0.0
A108,21/03/2018,07,23.8,23.9,23.7,96,96,96,23.1,23.2,23.0,985.9,986.5,985.9,0.0,236,1.6,-1.62,0.0
A108,21/03/2018,00,23.7,24.9,23.7,95,95,90,22.8,23.1,22.7,984.3,984.3,983.3,0.0,236,1.0,-3.52,0.0
A108,21/03/2018,21,30.7,31.4,29.6,62,68,57,22.7,23.8,21.9,983.6,984.2,983.6,0.5,236,3.3,1791.,0.0
A108,21/03/2018,06,23.7,23.7,23.4,96,96,96,23.0,23.0,22.7,986.5,987.1,986.5,0.4,236,1.6,-1.58,0.0
A108,21/03/2018,01,23.3,23.8,23.2,95,95,95,22.6,23.0,22.4,985.1,985.1,984.3,0.3,236,1.1,-3.25,0.0
A108,21/03/2018,02,23.6,23.6,23.3,96,96,95,22.8,22.9,22.6,985.8,985.8,985.0,0.4,236,1.8,-2.83,0.0
A108,21/03/2018,22,28.1,30.7,28.1,73,73,61,22.8,23.7,22.0,984.2,984.2,983.6,2.5,236,6.6,868.9,0.0
A108,21/03/2018,23,25.9,28.0,25.9,82,82,73,22.7,23.1,22.5,985.0,985.0,984.2,1.4,236,6.6,132.3,0.0
A108,21/03/2018,08,23.7,23.8,23.6,96,96,96,23.0,23.1,22.9,985.7,985.9,985.7,0.0,236,1.2,-1.84,0.0
A108,21/03/2018,11,23.5,23.6,23.5,96,96,96,22.8,22.9,22.8,986.4,986.4,985.9,0.5,236,1.6,-0.70,0.0
A108,21/03/2018,03,23.5,23.6,23.2,95,96,95,22.7,22.9,22.5,986.5,986.5,985.8,0.0,236,1.5,-2.20,0.0
A108,21/03/2018,05,23.4,23.5,23.3,96,96,94,22.7,22.7,22.5,987.1,987.2,987.1,0.0,236,0.0,-1.06,0.0
A108,21/03/2018,13,25.0,25.0,24.2,93,96,92,23.7,23.8,23.5,988.3,988.3,987.5,0.7,236,1.8,352.3,0.0
A108,21/03/2018,18,30.9,30.9,28.5,65,74,61,23.5,24.2,22.0,986.7,988.0,986.7,1.3,236,4.3,2313.,0.0
A108,22/03/2018,16,27.5,27.7,25.5,71,83,71,21.8,22.8,21.7,989.5,990.0,989.5,0.1,236,2.1,1574.,0.0
A108,22/03/2018,12,23.0,23.0,22.7,94,95,94,22.1,22.1,21.8,990.1,990.1,989.3,1.6,236,4.0,51.17,0.2
A108,22/03/2018,21,28.5,29.5,28.5,73,74,69,23.3,23.8,22.7,984.9,985.8,984.9,1.6,236,3.3,1113.,0.0
A108,22/03/2018,08,23.0,23.2,23.0,95,95,95,22.2,22.3,22.2,987.8,987.9,987.8,1.3,236,2.9,-2.49,0.6
A108,22/03/2018,01,24.2,25.0,24.2,91,91,86,22.6,22.8,22.5,986.9,986.9,986.2,0.0,236,2.8,-3.28,0.0
A108,22/03/2018,19,29.1,30.8,29.0,68,72,62,22.5,24.3,22.0,986.6,987.7,986.6,1.0,236,3.8,1969.,0.0
A108,22/03/2018,14,24.6,24.7,23.5,88,93,86,22.5,22.7,22.1,990.2,990.4,990.2,0.9,236,3.3,723.2,0.0
A108,22/03/2018,09,23.1,23.1,23.0,95,96,95,22.3,22.3,22.2,987.9,987.9,987.8,1.3,236,3.5,-1.34,0.4
A108,22/03/2018,17,28.9,29.7,27.1,65,75,64,21.7,23.3,21.6,988.6,989.5,988.6,0.8,236,3.3,3136.,0.2
A108,22/03/2018,11,22.7,22.7,22.5,95,95,94,21.9,21.9,21.7,989.3,989.3,988.6,1.6,236,3.9,-2.41,0.2
A108,22/03/2018,10,22.7,23.1,22.7,94,95,94,21.8,22.3,21.8,988.6,988.6,987.9,2.0,236,4.2,-2.20,0.2
A108,22/03/2018,02,24.3,24.6,24.2,91,91,89,22.6,22.8,22.6,987.6,987.6,986.9,0.3,236,1.9,-2.60,0.0
A108,22/03/2018,13,23.5,23.5,23.0,93,95,93,22.4,22.4,22.1,990.4,990.4,990.1,1.7,236,4.0,290.3,0.0
A108,22/03/2018,03,24.7,24.8,24.3,88,91,88,22.6,22.9,22.6,988.1,988.1,987.6,1.5,236,2.7,-2.44,0.0
A108,22/03/2018,15,25.5,25.9,24.6,80,89,79,21.8,22.9,21.6,990.0,990.3,990.0,0.4,236,2.1,1082.,0.0
A108,22/03/2018,04,24.5,24.7,24.5,91,91,88,23.0,23.0,22.6,988.5,988.6,988.1,2.1,236,4.9,-2.86,0.0
A108,22/03/2018,20,28.8,29.4,28.7,71,76,67,23.1,24.0,22.2,985.8,986.6,985.8,0.8,236,3.3,978.9,0.0
A108,22/03/2018,05,23.9,24.5,23.9,92,92,91,22.5,23.0,22.5,988.0,988.6,988.0,1.7,236,4.9,-2.66,0.0
A108,22/03/2018,18,29.4,30.0,28.7,67,72,63,22.6,23.7,21.4,987.7,988.6,987.7,1.5,236,4.4,2011.,0.0
A108,22/03/2018,06,23.7,23.9,23.7,92,92,91,22.3,22.6,22.3,987.9,988.1,987.9,1.1,236,3.8,-0.74,0.0
A108,22/03/2018,23,25.4,27.3,25.2,87,88,77,23.1,23.1,22.7,984.4,984.4,984.3,0.0,236,2.7,84.20,0.0
A108,22/03/2018,22,27.3,28.5,27.1,78,79,72,23.0,23.4,22.5,984.4,984.9,984.4,1.3,236,5.0,482.9,0.0
A108,22/03/2018,07,23.2,23.7,23.2,95,95,92,22.3,22.4,22.3,987.8,987.9,987.8,0.4,236,3.4,-2.74,0.2
A108,22/03/2018,00,25.0,25.9,25.0,87,87,82,22.7,22.8,22.6,986.2,986.2,985.0,1.3,236,3.3,-3.22,0.0
A108,23/03/2018,13,24.2,24.2,23.6,93,96,93,22.9,23.1,22.8,988.2,988.2,987.3,0.9,236,2.6,274.2,0.0
A108,23/03/2018,23,24.5,25.3,24.5,86,86,81,22.0,22.6,21.4,984.5,984.6,984.3,0.0,236,3.3,150.7,0.0
A108,23/03/2018,00,24.9,25.4,24.8,91,92,87,23.4,23.7,23.1,984.9,984.9,984.4,0.6,236,1.7,-3.31,0.0
A108,23/03/2018,01,24.4,25.0,24.3,93,93,91,23.1,23.5,23.1,985.7,985.7,984.9,0.6,236,1.8,-3.52,0.0
A108,23/03/2018,02,23.9,24.4,23.8,95,95,93,22.9,23.1,22.8,986.4,986.4,985.7,0.1,236,1.4,-3.17,0.0
A108,23/03/2018,03,24.2,24.2,23.7,94,95,94,23.1,23.1,22.8,986.9,986.9,986.4,0.2,236,1.3,-2.21,0.0
A108,23/03/2018,07,23.5,23.7,23.4,96,96,96,22.9,23.0,22.7,985.9,986.7,985.9,0.0,236,1.2,-0.94,0.0
A108,23/03/2018,04,24.0,24.4,23.9,94,94,92,23.0,23.1,22.8,987.3,987.3,986.9,0.0,236,1.0,-1.15,0.0
A108,23/03/2018,05,23.4,24.0,23.4,95,95,94,22.6,23.0,22.6,987.0,987.3,987.0,0.0,236,0.6,-2.93,0.0
A108,23/03/2018,06,23.4,23.4,23.3,96,96,95,22.7,22.7,22.5,986.7,987.0,986.7,0.0,236,0.8,-2.13,0.0
A108,23/03/2018,08,23.5,23.7,23.5,96,96,96,22.7,23.0,22.7,985.5,985.9,985.5,0.0,236,1.0,-1.94,0.0
A108,23/03/2018,09,23.4,23.5,23.3,96,96,96,22.7,22.8,22.6,985.3,985.5,985.2,0.0,236,0.2,-2.90,0.0
A108,23/03/2018,10,23.1,23.4,23.0,96,96,96,22.5,22.7,22.4,985.4,985.4,985.3,0.2,236,1.5,-3.16,0.0
A108,23/03/2018,11,23.1,23.2,23.1,96,96,96,22.5,22.6,22.4,986.3,986.3,985.4,0.1,236,2.0,-1.63,0.0
A108,23/03/2018,12,23.6,23.6,23.1,96,96,96,22.9,22.9,22.4,987.3,987.3,986.3,0.1,236,1.5,111.3,0.0
A108,23/03/2018,14,26.4,26.4,24.2,83,93,83,23.2,24.0,22.9,989.1,989.1,988.2,2.1,236,3.7,1042.,0.0
A108,23/03/2018,15,27.3,27.4,26.2,81,85,79,23.8,24.2,23.1,989.5,989.5,989.1,1.3,236,3.7,1286.,0.0
A108,23/03/2018,16,27.9,28.1,26.8,81,83,77,24.3,24.4,23.3,989.5,989.5,989.4,1.6,236,4.0,1101.,0.0
A108,23/03/2018,17,28.7,29.1,27.4,74,81,72,23.7,24.4,23.1,988.6,989.5,988.6,2.1,236,4.8,1575.,0.0
A108,23/03/2018,18,28.9,29.0,28.0,72,79,71,23.3,24.7,23.0,987.0,988.6,987.0,3.1,236,5.9,1748.,0.0
A108,23/03/2018,19,22.9,29.6,22.6,93,93,69,21.7,24.1,20.9,986.7,987.4,986.6,2.5,236,9.7,639.3,1.6
A108,23/03/2018,20,24.9,24.9,22.9,84,93,83,22.0,22.6,21.5,985.8,986.7,985.8,1.8,236,4.9,790.6,0.0
A108,23/03/2018,21,25.6,26.0,24.9,79,84,76,21.7,22.4,21.0,985.1,985.8,985.1,1.7,236,5.9,899.1,0.0
A108,23/03/2018,22,25.3,25.8,25.3,85,86,78,22.7,22.9,21.6,984.3,985.1,984.3,0.1,236,3.5,451.7,0.0
A108,24/03/2018,21,27.4,31.9,27.4,77,77,61,23.0,24.8,22.3,983.1,983.1,982.2,2.0,236,10.2,1787.,0.8
A108,24/03/2018,23,23.7,24.1,23.4,96,96,96,23.1,23.4,22.7,982.6,982.7,982.3,0.1,236,2.3,32.21,0.0
A108,24/03/2018,09,22.3,22.4,22.3,97,97,97,21.8,21.8,21.7,985.6,986.0,985.6,0.5,236,1.4,-2.71,0.0
A108,24/03/2018,00,23.7,24.5,23.7,92,92,86,22.3,22.4,21.6,984.4,984.5,984.3,0.7,236,1.5,-3.24,0.0
A108,24/03/2018,10,22.4,22.5,22.3,97,97,97,21.8,21.9,21.8,985.8,985.8,985.6,0.2,236,1.6,-1.67,0.2
A108,24/03/2018,06,22.3,22.4,22.3,96,96,96,21.7,21.8,21.7,986.5,986.6,986.5,0.7,236,1.8,-2.42,0.0
A108,24/03/2018,01,23.1,23.7,23.1,94,94,92,22.0,22.3,22.0,985.3,985.3,984.4,0.2,236,1.6,-3.06,0.0
A108,24/03/2018,04,22.3,22.8,22.3,96,96,95,21.6,22.0,21.6,986.8,986.9,986.8,0.9,236,1.8,-2.79,0.0
A108,24/03/2018,11,22.2,22.4,22.2,97,97,97,21.7,21.8,21.6,986.0,986.0,985.7,0.0,236,1.1,0.577,0.0
A108,24/03/2018,12,22.9,23.0,22.2,96,97,96,22.3,22.3,21.7,986.6,986.6,986.0,0.0,236,0.9,161.1,0.2
A108,24/03/2018,05,22.3,22.3,22.2,96,96,96,21.7,21.7,21.6,986.5,986.8,986.5,1.0,236,2.1,-2.68,0.0
A108,24/03/2018,13,24.0,24.0,22.9,92,96,92,22.6,22.8,22.3,987.1,987.1,986.6,0.4,236,1.5,480.7,0.0
A108,24/03/2018,14,25.5,25.5,24.0,85,92,85,22.8,23.3,22.3,987.6,987.7,987.1,1.4,236,3.4,925.9,0.0
A108,24/03/2018,15,28.0,28.6,25.3,76,88,74,23.3,24.1,22.6,987.3,987.6,987.3,1.6,236,3.8,2099.,0.0
A108,24/03/2018,07,22.4,22.4,22.3,97,97,96,21.8,21.8,21.7,986.2,986.5,986.2,0.1,236,1.6,-1.45,0.0
A108,24/03/2018,16,29.8,30.3,27.6,69,77,67,23.5,24.8,22.8,986.9,987.3,986.9,2.7,236,5.6,2632.,0.0
A108,24/03/2018,17,32.2,32.2,29.5,61,72,61,23.8,24.5,22.6,985.9,986.9,985.9,1.8,236,5.8,3096.,0.0
A108,24/03/2018,03,22.8,22.9,22.7,95,95,94,22.0,22.0,21.8,986.8,986.9,986.5,0.8,236,1.4,-3.04,0.0
A108,24/03/2018,18,32.2,32.5,30.4,53,66,51,21.5,24.1,20.7,985.0,985.9,984.9,2.3,236,5.4,3050.,0.0
A108,24/03/2018,19,29.4,33.7,29.2,69,70,54,23.0,24.5,21.6,984.1,985.0,984.1,2.0,236,6.1,1975.,0.0
A108,24/03/2018,20,29.4,30.2,27.6,72,77,64,23.7,24.6,22.3,983.0,984.1,983.0,1.5,236,6.9,1519.,0.0
A108,24/03/2018,02,22.9,23.1,22.9,94,94,94,21.9,22.0,21.8,986.4,986.4,985.3,0.0,236,1.2,-3.01,0.0
A108,24/03/2018,08,22.4,22.4,22.4,97,97,96,21.8,21.9,21.8,985.9,986.2,985.9,0.5,236,1.8,-1.10,0.0
A108,24/03/2018,22,23.5,27.3,22.8,96,96,77,22.8,23.0,21.4,982.7,983.8,982.6,0.0,236,10.9,68.96,26.8
A108,25/03/2018,11,22.7,22.8,22.4,97,97,96,22.1,22.2,21.8,984.9,984.9,984.2,0.0,236,1.4,-0.07,0.0
A108,25/03/2018,12,23.6,23.6,22.7,96,97,96,22.9,23.0,22.1,985.6,985.6,984.9,0.3,236,1.3,186.7,0.0
A108,25/03/2018,02,23.1,23.5,23.0,96,96,96,22.5,22.9,22.3,985.5,985.5,984.3,0.0,236,0.5,-2.50,0.0
A108,25/03/2018,00,23.8,23.8,23.6,96,96,96,23.0,23.1,23.0,983.6,983.6,982.6,1.1,236,2.3,-2.28,0.0
A108,25/03/2018,13,24.8,24.8,23.6,90,96,90,23.1,23.3,22.8,986.5,986.5,985.6,0.7,236,1.7,627.4,0.0
A108,25/03/2018,05,23.6,23.7,23.5,96,96,96,22.9,23.0,22.8,986.0,986.4,985.9,0.4,236,1.7,-2.62,0.0
A108,25/03/2018,14,28.0,28.0,24.8,77,90,75,23.5,24.0,22.5,987.2,987.2,986.5,0.2,236,1.7,1595.,0.0
A108,25/03/2018,09,22.9,23.1,22.8,96,96,96,22.2,22.5,22.1,983.9,984.0,983.8,0.4,236,0.9,-2.76,0.0
A108,25/03/2018,15,30.1,30.8,28.0,67,77,63,23.3,24.4,22.6,987.3,987.4,987.2,2.3,236,4.1,2643.,0.0
A108,25/03/2018,01,23.3,23.9,23.2,96,96,95,22.6,23.1,22.5,984.3,984.3,983.6,0.0,236,2.3,-3.12,0.0
A108,25/03/2018,16,32.2,32.2,30.1,61,71,59,23.6,25.2,22.6,986.8,987.3,986.8,1.3,236,5.4,3064.,0.0
A108,25/03/2018,04,23.5,24.0,23.5,96,96,96,22.8,23.3,22.8,986.4,986.7,986.4,0.0,236,1.1,-2.07,0.0
A108,25/03/2018,10,22.6,22.9,22.5,96,96,96,22.0,22.2,21.9,984.2,984.2,983.9,0.3,236,1.4,-2.47,0.0
A108,25/03/2018,17,32.1,32.6,30.7,61,69,55,23.8,24.5,21.6,986.0,986.9,986.0,1.9,236,5.4,2717.,0.0
A108,25/03/2018,06,23.4,23.6,23.4,96,96,96,22.8,22.9,22.7,985.2,986.0,985.2,0.7,236,1.6,-1.94,0.0
A108,25/03/2018,18,32.6,33.5,32.1,56,63,51,22.8,24.1,21.4,984.7,986.0,984.7,1.0,236,4.9,2950.,0.0
A108,25/03/2018,08,23.1,23.4,23.1,96,96,96,22.5,22.7,22.5,984.0,984.6,984.0,0.2,236,1.2,-2.83,0.2
A108,25/03/2018,19,33.4,34.5,31.5,59,63,49,24.2,24.5,21.5,983.0,984.7,983.0,1.3,236,6.3,2624.,0.0
A108,25/03/2018,23,28.7,30.0,28.7,73,74,67,23.4,24.5,23.1,983.1,983.1,981.8,1.0,236,2.9,118.1,0.0
A108,25/03/2018,20,29.4,33.6,29.4,71,71,53,23.5,24.1,21.6,981.8,983.0,981.8,2.0,236,6.3,1398.,0.0
A108,25/03/2018,03,23.5,23.8,23.1,96,96,96,22.9,23.2,22.4,986.5,986.5,985.5,0.0,236,1.5,-2.01,0.0
A108,25/03/2018,21,29.5,29.8,28.5,71,74,68,23.6,24.0,22.4,981.2,981.9,981.2,0.9,236,5.0,1075.,0.0
A108,25/03/2018,07,23.3,23.5,23.2,96,96,96,22.6,22.8,22.5,984.6,985.2,984.6,0.1,236,1.4,-2.12,0.0
A108,25/03/2018,22,30.0,31.1,29.5,73,74,61,24.7,24.7,22.0,981.8,981.8,981.1,0.4,236,3.5,1200.,0.0
A108,26/03/2018,09,22.9,22.9,22.8,96,96,96,22.3,22.3,22.1,985.7,985.7,985.4,0.4,236,2.0,-1.27,0.0
A108,26/03/2018,12,23.1,23.1,22.9,95,96,95,22.4,22.4,22.2,987.6,987.6,987.0,0.7,236,2.2,55.41,0.0
A108,26/03/2018,17,24.5,24.7,23.7,85,89,85,21.8,22.3,21.6,988.5,989.7,988.5,3.1,236,5.8,964.4,0.0
A108,26/03/2018,13,23.5,23.5,23.1,95,95,95,22.6,22.6,22.3,988.8,988.8,987.6,0.3,236,2.2,174.4,2.4
A108,26/03/2018,16,23.8,25.1,23.8,88,88,83,21.8,22.4,21.6,989.7,989.7,989.5,3.1,236,6.8,838.9,0.0
A108,26/03/2018,14,24.2,24.2,23.5,92,95,90,22.7,22.8,22.3,989.1,989.1,988.8,1.9,236,4.0,635.9,1.0
A108,26/03/2018,15,24.9,24.9,24.1,84,92,84,22.0,23.0,22.0,989.5,989.6,989.1,3.3,236,6.4,1041.,0.0
A108,26/03/2018,23,22.4,22.9,22.4,90,92,89,20.7,21.1,20.7,985.6,985.6,984.8,2.5,236,5.4,54.38,0.0
A108,26/03/2018,01,26.5,27.3,26.1,83,85,80,23.3,23.6,23.3,985.6,985.6,983.5,0.8,236,5.6,-3.27,0.0
A108,26/03/2018,02,23.0,26.5,23.0,90,90,81,21.2,23.5,21.1,987.2,987.2,985.6,3.1,236,9.7,-2.43,0.0
A108,26/03/2018,03,22.4,22.9,22.4,94,94,90,21.3,21.5,21.2,986.9,987.2,986.8,0.7,236,6.6,-3.15,1.0
A108,26/03/2018,00,27.3,28.7,26.5,80,84,73,23.6,23.8,23.3,983.6,983.7,983.1,2.2,236,5.6,-3.46,0.0
A108,26/03/2018,04,22.7,22.7,22.4,94,94,93,21.7,21.7,21.3,987.4,987.6,986.9,1.4,236,3.7,-2.32,2.4
A108,26/03/2018,22,22.9,23.1,22.8,89,92,88,21.0,21.6,21.0,984.8,984.9,984.8,1.9,236,7.2,211.2,0.0
A108,26/03/2018,05,22.7,22.8,22.7,95,95,94,21.9,22.0,21.7,986.6,987.4,986.6,0.6,236,3.0,-2.07,0.8
A108,26/03/2018,06,22.8,22.8,22.6,96,96,95,22.0,22.0,21.8,986.5,986.8,986.5,1.6,236,3.1,-1.51,0.4
A108,26/03/2018,21,23.0,24.9,22.8,91,93,82,21.5,21.8,20.9,984.9,985.3,984.9,2.1,236,7.5,347.1,0.0
A108,26/03/2018,07,22.6,22.8,22.6,95,96,95,21.9,22.0,21.8,985.8,986.5,985.8,2.1,236,3.8,-1.72,0.2
A108,26/03/2018,08,22.8,22.8,22.6,96,96,95,22.1,22.2,21.9,985.6,985.8,985.6,0.7,236,3.9,-1.69,0.0
A108,26/03/2018,20,24.6,25.3,24.5,83,83,79,21.5,21.7,21.2,985.3,986.5,985.3,3.8,236,7.5,683.1,0.0
A108,26/03/2018,18,25.1,25.3,24.4,81,89,81,21.5,22.7,21.5,987.5,988.5,987.5,3.5,236,8.2,1295.,0.0
A108,26/03/2018,10,23.0,23.1,22.9,96,96,96,22.3,22.4,22.3,986.2,986.2,985.6,0.8,236,2.5,-1.21,0.0
A108,26/03/2018,19,25.1,25.9,24.9,80,83,78,21.3,22.1,21.3,986.5,987.5,986.5,3.0,236,8.2,1661.,0.0
A108,26/03/2018,11,22.9,23.0,22.8,96,96,96,22.2,22.3,22.1,987.0,987.0,986.2,1.3,236,2.7,-0.36,0.0
A108,27/03/2018,05,20.6,20.9,20.6,94,94,93,19.5,19.7,19.5,988.9,989.6,988.9,0.5,236,4.1,-2.64,0.0
A108,27/03/2018,23,23.6,24.0,23.6,86,88,83,21.1,21.5,20.9,985.4,985.5,985.4,0.3,236,2.3,57.45,0.0
A108,27/03/2018,00,21.9,22.4,21.9,92,92,90,20.6,20.8,20.6,987.1,987.1,985.6,2.0,236,5.2,-1.83,0.0
A108,27/03/2018,01,21.4,21.9,21.3,94,95,92,20.4,20.6,20.3,987.9,987.9,987.0,2.2,236,5.7,-2.71,0.0
A108,27/03/2018,02,21.3,21.4,21.2,93,94,92,20.1,20.4,20.0,989.3,989.3,987.9,1.7,236,5.5,-2.26,0.0
A108,27/03/2018,03,21.1,21.3,21.1,93,93,92,19.9,20.0,19.8,989.8,989.8,989.3,1.8,236,4.2,-1.04,0.0
A108,27/03/2018,04,20.9,21.1,20.9,93,94,93,19.7,19.9,19.6,989.6,989.9,989.6,2.0,236,4.1,-1.46,0.0
A108,27/03/2018,06,20.3,20.6,20.2,95,95,94,19.6,19.6,19.4,987.8,988.9,987.8,0.8,236,1.5,-3.28,0.0
A108,27/03/2018,07,20.4,20.5,20.3,95,95,95,19.6,19.7,19.5,987.4,987.8,987.4,0.5,236,1.5,-1.96,0.0
A108,27/03/2018,08,20.5,20.6,20.4,95,95,95,19.6,19.7,19.6,987.2,987.3,987.1,1.0,236,2.7,-0.97,0.0
A108,27/03/2018,09,20.5,20.6,20.5,94,95,94,19.5,19.7,19.5,986.8,987.2,986.8,0.7,236,2.3,-1.56,0.0
A108,27/03/2018,10,20.5,20.6,20.5,95,95,94,19.6,19.7,19.5,987.3,987.3,986.8,0.4,236,1.6,-1.73,0.0
A108,27/03/2018,11,20.5,20.6,20.5,95,95,94,19.7,19.7,19.5,988.4,988.4,987.3,0.7,236,2.3,-0.66,0.0
A108,27/03/2018,12,20.9,20.9,20.5,93,95,93,19.8,19.9,19.6,989.4,989.4,988.4,0.7,236,2.1,69.70,0.0
A108,27/03/2018,13,21.6,21.6,20.9,91,93,90,20.0,20.0,19.7,990.4,990.4,989.4,0.7,236,1.9,195.7,0.0
A108,27/03/2018,14,22.4,22.4,21.5,87,91,86,20.1,20.3,19.8,990.8,990.8,990.4,0.1,236,1.7,396.1,0.0
A108,27/03/2018,15,22.9,23.1,22.0,84,89,84,20.0,20.8,19.6,991.1,991.1,990.8,0.8,236,1.9,664.6,0.0
A108,27/03/2018,16,23.1,23.1,22.6,84,87,83,20.3,20.6,19.6,990.6,991.1,990.6,0.5,236,1.6,821.1,0.0
A108,27/03/2018,17,22.9,23.4,22.8,86,87,84,20.3,21.0,20.2,989.8,990.6,989.8,0.7,236,1.9,564.4,0.0
A108,27/03/2018,18,23.1,23.1,22.7,88,90,85,21.0,21.1,20.3,988.6,989.8,988.6,1.4,236,3.3,442.5,0.0
A108,27/03/2018,19,23.6,24.0,23.1,83,88,82,20.6,21.4,20.4,987.6,988.6,987.6,2.0,236,4.0,1423.,0.0
A108,27/03/2018,20,23.9,24.4,23.6,83,84,81,20.9,21.2,20.4,986.5,987.6,986.5,2.0,236,4.0,1262.,0.0
A108,27/03/2018,21,24.2,25.6,23.9,82,83,76,20.9,21.5,20.5,985.8,986.5,985.8,1.8,236,4.0,1206.,0.0
A108,27/03/2018,22,24.0,24.4,23.9,83,84,81,21.0,21.4,20.7,985.5,985.8,985.5,1.0,236,3.9,367.5,0.0
A108,28/03/2018,12,21.2,21.3,20.3,97,97,97,20.7,20.8,19.9,987.9,987.9,987.0,1.0,236,1.7,246.8,0.0
A108,28/03/2018,04,22.8,23.0,22.7,94,94,93,21.8,21.8,21.6,987.7,987.8,987.5,0.0,236,1.5,-2.39,0.0
A108,28/03/2018,15,26.3,27.1,24.7,73,83,71,21.0,22.7,20.9,989.1,989.3,989.1,2.3,236,4.2,2213.,0.0
A108,28/03/2018,13,22.6,22.6,21.2,95,97,95,21.8,22.0,20.7,988.9,988.9,987.9,1.8,236,3.0,577.1,0.0
A108,28/03/2018,14,25.0,25.4,22.6,81,95,79,21.5,22.3,21.2,989.1,989.1,988.9,1.9,236,3.8,1636.,0.0
A108,28/03/2018,05,22.0,22.9,22.0,95,95,93,21.2,21.8,21.2,987.3,987.7,987.3,0.0,236,0.0,-3.07,0.0
A108,28/03/2018,02,23.3,23.3,23.1,90,91,88,21.5,21.6,21.3,986.8,986.8,986.2,0.5,236,1.3,-1.45,0.0
A108,28/03/2018,07,21.5,21.8,21.2,96,96,96,20.9,21.2,20.6,986.3,986.6,986.3,0.0,236,0.0,-3.41,0.0
A108,28/03/2018,03,22.7,23.3,22.6,94,94,89,21.6,21.6,21.4,987.5,987.5,986.8,0.0,236,1.7,-2.58,0.0
A108,28/03/2018,08,21.0,21.5,20.9,97,97,96,20.5,20.9,20.4,986.1,986.3,986.1,0.0,236,0.0,-3.30,0.0
A108,28/03/2018,00,22.8,23.6,22.7,92,93,86,21.5,21.6,21.0,985.7,985.7,985.4,0.0,236,1.2,-2.75,0.0
A108,28/03/2018,23,26.4,28.3,26.4,79,79,67,22.5,22.5,21.4,983.6,983.6,983.0,0.7,236,3.9,173.2,0.0
A108,28/03/2018,06,21.8,22.1,21.8,96,96,95,21.1,21.4,21.1,986.6,987.3,986.6,0.0,236,0.0,-3.23,0.0
A108,28/03/2018,22,28.2,28.7,28.1,69,71,63,21.9,22.7,21.0,983.0,983.4,983.0,1.8,236,4.1,847.2,0.0
A108,28/03/2018,09,20.8,21.1,20.7,97,97,97,20.3,20.5,20.1,986.1,986.1,986.0,0.0,236,0.0,-3.28,0.0
A108,28/03/2018,21,28.7,29.6,28.1,63,71,60,21.0,22.6,20.6,983.4,984.3,983.4,2.0,236,4.3,1335.,0.0
A108,28/03/2018,20,28.5,29.0,28.0,67,70,65,21.8,22.5,21.3,984.3,985.5,984.3,1.9,236,4.5,1105.,0.0
A108,28/03/2018,10,20.4,20.9,20.4,97,97,97,19.9,20.4,19.9,986.3,986.4,986.1,0.0,236,0.0,-3.16,0.0
A108,28/03/2018,01,23.3,23.3,22.5,89,94,88,21.3,21.7,21.1,986.2,986.2,985.7,0.1,236,0.9,-2.92,0.0
A108,28/03/2018,19,28.2,28.9,27.4,67,71,64,21.6,22.5,20.9,985.5,986.8,985.5,2.0,236,5.8,1724.,0.0
A108,28/03/2018,11,20.3,20.4,20.0,97,97,97,19.8,19.8,19.5,987.0,987.0,986.3,0.0,236,0.0,0.262,0.0
A108,28/03/2018,18,28.9,29.8,27.2,65,73,63,21.6,23.0,21.4,986.8,987.9,986.8,2.5,236,5.2,2357.,0.0
A108,28/03/2018,17,27.3,28.0,27.0,70,71,67,21.4,21.8,20.9,987.9,988.5,987.9,1.8,236,5.0,1638.,0.0
A108,28/03/2018,16,27.1,27.9,26.2,68,75,66,20.8,22.0,20.2,988.5,989.1,988.5,1.8,236,5.4,2455.,0.0
A108,29/03/2018,13,25.1,25.1,24.1,88,91,88,23.0,23.1,22.4,988.8,988.8,988.0,1.0,236,2.4,453.6,0.0
A108,29/03/2018,03,23.7,24.2,23.5,93,93,91,22.5,22.6,22.3,987.0,987.0,986.3,0.1,236,1.2,-3.41,0.0
A108,29/03/2018,04,23.7,24.2,23.7,92,93,91,22.4,22.6,22.4,987.2,987.3,987.0,0.3,236,1.9,-1.88,0.0
A108,29/03/2018,05,23.8,24.1,23.7,93,93,91,22.5,22.7,22.4,987.0,987.2,987.0,0.4,236,1.9,-3.00,0.0
A108,29/03/2018,06,23.7,23.9,23.5,93,94,92,22.5,22.7,22.4,986.3,987.0,986.3,0.1,236,1.7,-3.23,0.0
A108,29/03/2018,07,23.2,23.8,23.2,94,94,93,22.2,22.6,22.2,985.8,986.3,985.8,0.0,236,1.4,-3.16,0.0
A108,29/03/2018,08,23.0,23.2,22.8,96,96,94,22.3,22.3,22.0,985.6,985.8,985.6,0.0,236,0.7,-3.10,0.0
A108,29/03/2018,09,22.8,23.2,22.7,96,96,95,22.1,22.5,22.0,985.5,985.6,985.5,0.0,236,0.0,-2.19,0.0
A108,29/03/2018,10,23.0,23.3,22.8,94,96,94,22.1,22.4,22.1,986.0,986.0,985.5,0.1,236,1.5,-1.82,0.0
A108,29/03/2018,11,23.2,23.3,23.0,95,95,94,22.3,22.4,22.2,986.8,986.8,986.0,0.9,236,1.7,1.462,0.0
A108,29/03/2018,12,24.2,24.2,23.2,91,95,91,22.6,22.6,22.3,988.0,988.0,986.8,0.6,236,2.1,228.9,0.0
A108,29/03/2018,14,24.4,25.3,23.8,93,94,86,23.2,23.2,22.5,989.2,989.2,988.8,1.0,236,3.1,347.7,5.4
A108,29/03/2018,15,24.8,25.3,24.4,89,94,88,22.9,23.8,22.7,989.4,989.5,989.2,1.7,236,4.3,822.5,0.0
A108,29/03/2018,16,26.4,26.4,24.7,84,93,84,23.5,24.4,22.8,988.5,989.4,988.5,1.3,236,4.1,1287.,0.4
A108,29/03/2018,17,28.1,28.6,26.4,73,85,72,22.9,24.0,22.3,987.6,988.5,987.6,1.7,236,4.6,1893.,0.0
A108,29/03/2018,18,28.4,29.8,28.1,71,75,65,22.6,23.6,22.0,986.4,987.6,986.4,1.6,236,4.1,1533.,0.2
A108,29/03/2018,19,24.2,28.5,23.4,94,95,71,23.2,23.2,21.9,985.7,986.6,985.6,0.1,236,7.4,427.9,11.8
A108,29/03/2018,20,25.1,25.3,24.2,89,94,83,23.2,23.9,22.1,984.8,985.7,984.8,0.3,236,1.7,683.6,0.0
A108,29/03/2018,21,24.3,25.2,24.3,92,92,87,22.9,23.4,22.6,984.7,984.9,984.6,0.3,236,2.3,175.4,0.8
A108,29/03/2018,22,23.9,24.3,23.9,94,94,92,22.8,23.2,22.8,984.2,984.7,984.2,1.6,236,2.9,173.1,0.0
A108,29/03/2018,23,23.4,23.9,23.4,95,95,94,22.6,22.8,22.6,984.7,984.7,984.2,0.9,236,2.9,67.70,0.0
A108,29/03/2018,01,24.2,24.9,24.2,92,92,88,22.8,22.9,22.7,985.5,985.5,984.4,0.1,236,0.8,-3.51,0.0
A108,29/03/2018,02,24.2,24.2,23.9,91,93,91,22.6,22.8,22.6,986.3,986.3,985.5,0.4,236,1.2,-3.37,0.0
A108,29/03/2018,00,24.9,26.4,24.9,88,88,79,22.7,22.8,22.5,984.4,984.4,983.6,0.0,236,2.0,-3.53,0.0
A108,30/03/2018,10,22.3,22.4,22.1,97,97,97,21.8,21.8,21.6,986.3,986.3,985.9,0.0,236,1.0,-2.43,0.0
A108,30/03/2018,00,22.8,23.4,22.8,96,96,95,22.1,22.6,22.1,985.4,985.4,984.7,0.3,236,2.5,-2.89,0.0
A108,30/03/2018,07,22.5,22.6,22.4,97,97,97,21.9,22.0,21.9,986.3,987.0,986.3,0.0,236,0.9,-1.28,0.0
A108,30/03/2018,21,26.2,29.5,26.2,83,85,67,23.1,25.5,22.7,983.6,983.6,983.2,2.4,236,5.4,1428.,0.4
A108,30/03/2018,01,22.7,23.0,22.7,96,96,96,22.1,22.3,22.0,986.3,986.3,985.4,0.0,236,1.9,-3.07,0.0
A108,30/03/2018,08,22.4,22.5,22.4,97,97,97,21.9,22.0,21.9,986.0,986.3,985.9,0.0,236,1.1,-1.00,0.0
A108,30/03/2018,22,25.5,26.2,24.5,87,89,79,23.1,23.5,21.8,983.2,983.7,983.2,0.2,236,6.1,383.1,0.0
A108,30/03/2018,09,22.3,22.4,22.3,97,97,97,21.8,21.9,21.7,985.9,986.0,985.8,0.0,236,0.7,-1.81,0.2
A108,30/03/2018,02,22.8,22.8,22.5,96,96,96,22.2,22.2,21.9,987.2,987.2,986.3,0.1,236,1.0,-2.97,0.0
A108,30/03/2018,23,24.6,25.5,24.3,93,93,87,23.4,23.6,23.0,984.0,984.0,983.2,0.0,236,1.4,107.0,0.0
A108,30/03/2018,19,28.3,28.3,25.8,78,89,77,24.0,25.5,23.2,984.5,986.4,984.5,0.1,236,4.6,1192.,2.6
A108,30/03/2018,11,22.3,22.5,22.3,97,97,97,21.8,21.9,21.8,987.3,987.3,986.3,0.9,236,2.2,0.291,0.0
A108,30/03/2018,12,23.0,23.0,22.3,97,97,97,22.4,22.4,21.8,988.3,988.3,987.3,0.0,236,2.2,111.0,0.0
A108,30/03/2018,13,24.8,24.8,22.9,91,97,91,23.3,23.6,22.4,988.9,988.9,988.3,0.2,236,1.6,700.8,0.0
A108,30/03/2018,14,26.2,26.2,24.8,85,92,84,23.5,24.1,22.5,989.3,989.3,988.9,1.0,236,3.6,1187.,0.0
A108,30/03/2018,15,26.6,26.8,25.8,83,86,79,23.4,23.7,22.5,989.4,989.4,989.3,1.2,236,3.0,1303.,0.0
A108,30/03/2018,16,29.1,29.1,26.3,74,84,71,23.9,24.3,22.5,989.0,989.4,989.0,1.0,236,3.9,1873.,0.0
A108,30/03/2018,17,28.5,29.3,26.7,79,88,68,24.5,25.2,21.9,987.9,989.0,987.9,1.5,236,5.3,1653.,0.8
A108,30/03/2018,03,22.3,22.8,22.2,96,96,96,21.7,22.2,21.6,987.8,987.8,987.2,0.0,236,1.2,-3.11,0.0
A108,30/03/2018,18,27.6,28.6,27.3,82,84,75,24.3,25.0,23.3,986.4,987.9,986.4,1.8,236,4.2,1724.,0.2
A108,30/03/2018,04,22.1,22.5,22.1,97,97,96,21.6,21.9,21.6,988.2,988.2,987.8,0.0,236,1.6,-2.93,0.0
A108,30/03/2018,05,22.3,22.3,22.0,97,97,97,21.8,21.8,21.5,987.8,988.2,987.8,0.0,236,1.0,-1.34,0.0
A108,30/03/2018,20,28.6,28.6,26.1,82,91,76,25.3,25.4,23.6,983.5,984.5,983.5,1.3,236,4.6,1307.,1.4
A108,30/03/2018,06,22.6,22.6,22.3,97,97,97,22.0,22.1,21.8,987.0,987.8,987.0,0.1,236,1.0,-0.73,0.0
A108,31/03/2018,09,23.2,23.3,23.0,96,96,95,22.5,22.5,22.3,985.3,985.5,985.1,0.5,236,1.9,-1.63,0.0
A108,31/03/2018,02,24.0,24.8,24.0,94,94,93,22.9,23.7,22.8,986.7,986.7,985.4,1.2,236,3.1,-1.09,11.0
A108,31/03/2018,10,23.0,23.2,23.0,96,96,96,22.4,22.5,22.3,985.4,985.4,985.0,0.6,236,1.8,-1.32,0.0
A108,31/03/2018,07,23.2,23.3,23.1,96,96,95,22.5,22.6,22.4,984.6,986.0,984.4,2.3,236,5.8,-0.86,3.4
A108,31/03/2018,22,27.1,29.4,27.1,76,81,66,22.5,24.0,22.1,982.4,982.4,982.1,2.1,236,6.1,476.2,0.0
A108,31/03/2018,14,26.2,26.2,24.9,84,92,83,23.3,23.7,22.9,988.2,988.2,987.9,1.6,236,4.9,1157.,0.0
A108,31/03/2018,08,23.0,23.5,23.0,95,96,94,22.2,22.7,22.2,985.0,985.2,984.6,0.0,236,5.0,-2.86,0.2
A108,31/03/2018,19,31.4,32.3,30.1,61,68,55,23.0,24.2,21.9,983.5,985.0,983.5,2.1,236,6.4,3005.,0.0
A108,31/03/2018,03,24.2,24.2,23.7,95,95,94,23.4,23.4,22.7,986.9,987.0,986.7,0.1,236,3.1,-1.10,5.6
A108,31/03/2018,21,29.4,30.9,29.2,68,71,60,22.7,23.8,21.8,982.1,982.5,982.1,0.7,236,5.4,1593.,0.0
A108,31/03/2018,20,30.0,31.9,29.4,63,70,57,22.1,23.8,21.5,982.5,983.5,982.5,2.3,236,5.6,1798.,0.0
A108,31/03/2018,11,23.0,23.0,22.9,96,96,96,22.4,22.4,22.3,986.0,986.0,985.4,0.1,236,1.6,-1.68,0.0
A108,31/03/2018,15,27.0,27.2,25.9,77,85,76,22.7,23.7,22.6,988.2,988.5,988.2,2.1,236,5.8,1442.,0.0
A108,31/03/2018,13,24.9,24.9,23.5,91,96,91,23.4,23.8,22.9,987.9,987.9,987.0,1.0,236,2.8,572.6,0.0
A108,31/03/2018,04,24.2,24.3,24.2,95,95,95,23.3,23.5,23.3,987.5,987.6,986.9,1.0,236,2.5,-0.82,0.0
A108,31/03/2018,12,23.5,23.6,23.0,96,96,96,22.9,22.9,22.3,987.0,987.0,986.0,0.9,236,1.9,126.1,0.0
A108,31/03/2018,17,30.0,30.3,28.3,63,77,63,22.2,24.5,22.1,986.2,987.3,986.2,1.9,236,4.6,2734.,0.2
A108,31/03/2018,16,28.3,28.4,26.9,75,80,72,23.5,23.9,22.3,987.3,988.2,987.3,1.6,236,6.0,2131.,0.0
A108,31/03/2018,18,31.0,31.0,26.2,65,79,62,23.7,24.5,20.9,984.9,986.2,984.9,2.0,236,8.6,2593.,0.0
A108,31/03/2018,23,24.6,27.1,24.2,91,92,76,22.9,23.1,22.5,983.0,983.0,982.4,1.5,236,6.1,280.9,6.2
A108,31/03/2018,00,24.4,24.9,24.3,93,93,91,23.3,23.6,23.1,984.6,984.6,983.9,0.0,236,2.9,-3.10,0.0
A108,31/03/2018,05,23.6,24.2,23.6,94,95,94,22.6,23.4,22.6,987.0,987.9,987.0,1.5,236,4.7,-1.28,0.2
A108,31/03/2018,01,24.4,24.5,24.3,94,94,93,23.3,23.5,23.2,985.4,985.4,984.6,0.0,236,1.9,-2.41,0.0
A108,31/03/2018,06,23.2,23.6,23.2,95,95,94,22.4,22.7,22.4,986.0,987.0,986.0,0.0,236,3.2,-1.91,2.0